{
  "reports_dir": "checkpoints/paper_kdet_baseline_target",
  "scenes": {
    "a06": {
      "policies": {
        "annealed": {
          "holdout": {
            "accuracy": 0.7011868300153139,
            "expected_cost": 4232.415843580724,
            "route_percent": {
              "K1": 0.03828483920367534,
              "K2": 7.944104134762634,
              "K3": 45.48238897396631,
              "K4": 4.2687595712098005,
              "K6": 0.15313935681470137,
              "detector": 42.11332312404288
            },
            "thresholds": {
              "K0": 0.9979058917687864,
              "K1": 0.9628890436522815,
              "K2": 0.8221824023188377,
              "K3": 0.9214253656718195,
              "K4": 0.9181163019063522,
              "K6": 0.5867346500863835
            }
          },
          "validation": {
            "accuracy": 0.7665837082416005,
            "expected_cost": 4830.261727836069,
            "route_percent": {
              "K1": 0.12443763759931081,
              "K2": 23.245907916148177,
              "K3": 24.533358859002586,
              "K4": 3.8479946396094573,
              "K6": 0.17229826744519958,
              "detector": 48.07600268019527
            },
            "thresholds": {
              "K0": 0.9979058917687864,
              "K1": 0.9628890436522815,
              "K2": 0.8221824023188377,
              "K3": 0.9214253656718195,
              "K4": 0.9181163019063522,
              "K6": 0.5867346500863835
            }
          }
        },
        "baseline": {
          "holdout": {
            "accuracy": 0.6464395099540582,
            "expected_cost": 3773.391242623302,
            "route_percent": {
              "K0": 0.01914241960183767,
              "K1": 0.09571209800918837,
              "K2": 2.8330781010719757,
              "K3": 44.104134762634,
              "K4": 15.141653905053598,
              "K6": 0.2679938744257274,
              "detector": 37.538284839203676
            },
            "thresholds": {
              "K0": 0.95,
              "K1": 0.95,
              "K2": 0.9,
              "K3": 0.9,
              "K4": 0.95,
              "K6": 0.95
            }
          },
          "validation": {
            "accuracy": 0.7665837082416005,
            "expected_cost": 5072.113651228961,
            "route_percent": {
              "K0": 0.09093519670718866,
              "K1": 0.33981047190581026,
              "K2": 13.34354360103379,
              "K3": 23.724514214607066,
              "K4": 11.649277304489328,
              "K6": 0.33023834593663254,
              "detector": 50.521680865320185
            },
            "thresholds": {
              "K0": 0.95,
              "K1": 0.95,
              "K2": 0.9,
              "K3": 0.9,
              "K4": 0.95,
              "K6": 0.95
            }
          }
        }
      },
      "target_accuracy": 0.7665837082416005,
      "target_accuracy_source": "baseline_validation"
    },
    "h08": {
      "policies": {
        "annealed": {
          "holdout": {
            "accuracy": 0.9152144772117963,
            "expected_cost": 2333.9947654383413,
            "route_percent": {
              "K1": 0.05026809651474531,
              "K2": 0.03351206434316354,
              "K3": 76.29021447721179,
              "K4": 0.30160857908847183,
              "K6": 0.1675603217158177,
              "detector": 23.156836461126005
            },
            "thresholds": {
              "K0": 1.0,
              "K1": 0.964348123998058,
              "K2": 0.9995218369425559,
              "K3": 0.7474969455174038,
              "K4": 0.8411874503505473,
              "K6": 0.7534180867428683
            }
          },
          "validation": {
            "accuracy": 0.9071413612565445,
            "expected_cost": 2815.315503776584,
            "route_percent": {
              "K1": 0.02931937172774869,
              "K2": 0.012565445026178011,
              "K3": 71.36335078534032,
              "K4": 0.4397905759162304,
              "K6": 0.19267015706806281,
              "detector": 27.962303664921468
            },
            "thresholds": {
              "K0": 1.0,
              "K1": 0.964348123998058,
              "K2": 0.9995218369425559,
              "K3": 0.7474969455174038,
              "K4": 0.8411874503505473,
              "K6": 0.7534180867428683
            }
          }
        },
        "baseline": {
          "holdout": {
            "accuracy": 0.9157171581769437,
            "expected_cost": 2939.504323457822,
            "route_percent": {
              "K0": 1.6085790884718498,
              "K1": 0.01675603217158177,
              "K2": 4.272788203753351,
              "K3": 31.300268096514746,
              "K4": 19.453753351206434,
              "K6": 14.10857908847185,
              "detector": 29.239276139410187
            },
            "thresholds": {
              "K0": 0.95,
              "K1": 0.95,
              "K2": 0.9,
              "K3": 0.9,
              "K4": 0.95,
              "K6": 0.95
            }
          },
          "validation": {
            "accuracy": 0.9070994764397906,
            "expected_cost": 3383.1691104226525,
            "route_percent": {
              "K0": 1.331937172774869,
              "K1": 0.09633507853403141,
              "K2": 4.464921465968587,
              "K3": 29.047120418848166,
              "K4": 19.179057591623035,
              "K6": 12.213612565445025,
              "detector": 33.66701570680628
            },
            "thresholds": {
              "K0": 0.95,
              "K1": 0.95,
              "K2": 0.9,
              "K3": 0.9,
              "K4": 0.95,
              "K6": 0.95
            }
          }
        }
      },
      "target_accuracy": 0.9070994764397906,
      "target_accuracy_source": "baseline_validation"
    },
    "h24": {
      "policies": {
        "annealed": {
          "holdout": {
            "accuracy": 0.9664516129032258,
            "expected_cost": 699.0444930394664,
            "route_percent": {
              "K2": 0.45161290322580644,
              "K3": 87.48387096774194,
              "K4": 1.2903225806451613,
              "K6": 3.935483870967742,
              "detector": 6.838709677419355
            },
            "thresholds": {
              "K0": 0.999988215310233,
              "K1": 0.9978301780564445,
              "K2": 0.9396532348224095,
              "K3": 0.7307737725121635,
              "K4": 0.0,
              "K6": 0.6935816151755196
            }
          },
          "validation": {
            "accuracy": 0.9654615881213686,
            "expected_cost": 778.8374983359896,
            "route_percent": {
              "K2": 0.45190445448676564,
              "K3": 87.99225306649451,
              "K4": 0.9845061329890252,
              "K6": 2.9373789541639765,
              "detector": 7.63395739186572
            },
            "thresholds": {
              "K0": 0.999988215310233,
              "K1": 0.9978301780564445,
              "K2": 0.9396532348224095,
              "K3": 0.7307737725121635,
              "K4": 0.0,
              "K6": 0.6935816151755196
            }
          }
        },
        "baseline": {
          "holdout": {
            "accuracy": 0.9690322580645161,
            "expected_cost": 1268.7927718555352,
            "route_percent": {
              "K0": 0.5161290322580645,
              "K2": 1.2903225806451613,
              "K3": 29.806451612903224,
              "K4": 34.064516129032256,
              "K6": 21.741935483870968,
              "detector": 12.580645161290322
            },
            "thresholds": {
              "K0": 0.95,
              "K1": 0.95,
              "K2": 0.9,
              "K3": 0.9,
              "K4": 0.95,
              "K6": 0.95
            }
          },
          "validation": {
            "accuracy": 0.9654615881213686,