{
  "measured_detector_cost_ms": 28.28079699887894,
  "outcomes_path": "checkpoints/empirical_outcomes_a06.pkl",
  "paper_costs": {
    "paper_100": {
      "collection_holdout": {
        "accuracy": 0.6477794793261868,
        "expected_cost": 55.76774844760271,
        "macro_accuracy": 0.6503716978740359,
        "worst_class_accuracy": 0.5502815768302494
      },
      "collection_validation": {
        "accuracy": 0.7700775342203503,
        "expected_cost": 68.87905250013122,
        "macro_accuracy": 0.7662832141407452,
        "worst_class_accuracy": 0.7039409823335274
      },
      "detector_cost_ms": 100.0,
      "detector_mode": "paper",
      "holdout_feasible": false,
      "holdout_speedup_vs_collection": 1.2372270122714113,
      "layout": {
        "detector": "detector",
        "expected_cost_dp": 68.87905250013122,
        "initial": [
          "K0",
          "K3",
          "K2",
          "detector"
        ],
        "initial_len_excl_detector": 3,
        "specialized": {
          "K0:coupe": [
            "K6",
            "K3",
            "detector"
          ],
          "K0:suv": [
            "K4",
            "K2",
            "K3",
            "detector"
          ]
        }
      },
      "optimized_holdout": {
        "accuracy": 0.6096860643185299,
        "expected_cost": 45.07479055538831,
        "macro_accuracy": 0.6155516107834375,
        "route_counts": {
          "K3": 3026,
          "K4": 654,
          "detector": 1544
        },
        "worst_class_accuracy": 0.4223652453740949
      },
      "optimized_validation": {
        "accuracy": 0.7706040011486551,
        "expected_cost": 66.03028918390807,
        "feasible": true,
        "macro_accuracy": 0.7712425853536087,
        "worst_class_accuracy": 0.6834271922767498
      },
      "requested_detector_cost_ms": 100.0,
      "target_accuracy": 0.7700775342203503,
      "thresholds": {
        "K0": 0.9969136447322612,
        "K2": 0.9998543262481691,
        "K3": 0.823914647102356,
        "K4": 0.6590958553917553,
        "K6": 0.0
      }
    },
    "paper_1000": {
      "collection_holdout": {
        "accuracy": 0.6464395099540582,
        "expected_cost": 394.9456070949712,
        "macro_accuracy": 0.6490502848263294,
        "worst_class_accuracy": 0.5502815768302494
      },
      "collection_validation": {
        "accuracy": 0.7665837082416005,
        "expected_cost": 525.1623733501443,
        "macro_accuracy": 0.7628796025741479,
        "worst_class_accuracy": 0.695204814599107
      },
      "detector_cost_ms": 1000.0,
      "detector_mode": "paper",
      "holdout_feasible": false,
      "holdout_speedup_vs_collection": 1.0001523319292183,
      "layout": {
        "detector": "detector",
        "expected_cost_dp": 525.1623733501443,
        "initial": [
          "K0",
          "K3",
          "K2",
          "K1",
          "detector"
        ],
        "initial_len_excl_detector": 4,
        "specialized": {
          "K0:coupe": [
            "K6",
            "K3",
            "detector"
          ],
          "K0:suv": [
            "K4",
            "K2",
            "K3",
            "detector"
          ],
          "K1:coupe": [
            "K6",
            "detector"
          ],
          "K1:suv": [
            "detector"
          ]
        }
      },
      "optimized_holdout": {
        "accuracy": 0.6684532924961715,
        "expected_cost": 394.8854534320297,
        "macro_accuracy": 0.673255279838586,
        "route_counts": {
          "K1": 2,
          "K2": 141,
          "K3": 2426,
          "K4": 687,
          "K6": 6,
          "detector": 1962
        },
        "worst_class_accuracy": 0.5374094931617055
      },
      "optimized_validation": {
        "accuracy": 0.7665837082416005,
        "expected_cost": 502.7151928229654,
        "feasible": true,
        "macro_accuracy": 0.7641419072961373,
        "worst_class_accuracy": 0.6988934187536401
      },
      "requested_detector_cost_ms": 1000.0,
      "target_accuracy": 0.7665837082416005,
      "thresholds": {
        "K0": 0.9957452246120998,
        "K1": 0.9628890436522815,
        "K2": 0.8852992374069837,
        "K3": 0.9,
        "K4": 0.7638267692254515,
        "K6": 0.7115508536903226
      }
    },
    "paper_10000": {
      "collection_holdout": {
        "accuracy": 0.6464395099540582,
        "expected_cost": 3773.391242623302,
        "macro_accuracy": 0.6490502848263294,
        "worst_class_accuracy": 0.5502815768302494
      },
      "collection_validation": {
        "accuracy": 0.7665837082416005,
        "expected_cost": 5072.113651228961,
        "macro_accuracy": 0.7628796025741479,
        "worst_class_accuracy": 0.695204814599107
      },
      "detector_cost_ms": 10000.0,
      "detector_mode": "paper",
      "holdout_feasible": false,
      "holdout_speedup_vs_collection": 1.0162075435694717,
      "layout": {
        "detector": "detector",
        "expected_cost_dp": 5072.113651228961,
        "initial": [
          "K0",
          "K3",
          "K2",
          "K1",
          "detector"
        ],
        "initial_len_excl_detector": 4,
        "specialized": {
          "K0:coupe": [
            "K6",
            "K3",
            "detector"
          ],
          "K0:suv": [
            "K4",
            "K2",
            "K3",
            "detector"
          ],
          "K1:coupe": [
            "K6",
            "detector"
          ],
          "K1:suv": [
            "detector"
          ]
        }
      },
      "optimized_holdout": {
        "accuracy": 0.6642419601837672,
        "expected_cost": 3713.209242050208,
        "macro_accuracy": 0.6686820881660774,
        "route_counts": {
          "K2": 210,
          "K3": 3085,
          "detector": 1929
        },
        "worst_class_accuracy": 0.43925985518905875
      },
      "optimized_validation": {
        "accuracy": 0.7671101751699052,
        "expected_cost": 4849.875713885225,
        "feasible": true,
        "macro_accuracy": 0.7645440995025334,
        "worst_class_accuracy": 0.6897689768976898
      },
      "requested_detector_cost_ms": 10000.0,
      "target_accuracy": 0.7665837082416005,
      "thresholds": {
        "K0": 0.9999986886978149,
        "K1": 0.998279094696045,
        "K2": 0.8733620071897701,
        "K3": 0.8642191947722921,
        "K4": 0.6590958553917553,
        "K6": 0.8778755920273917
      }
    },
    "paper_250": {
      "collection_holdout": {
        "accuracy": 0.6477794793261868,
        "expected_cost": 112.33359837103303,
        "macro_accuracy": 0.6503716978740359,
        "worst_class_accuracy": 0.5502815768302494
      },
      "collection_validation": {
        "accuracy": 0.7700775342203503,
        "expected_cost": 145.2717968286466,
        "macro_accuracy": 0.7662832141407452,
        "worst_class_accuracy": 0.7039409823335274
      },
      "detector_cost_ms": 250.0,
      "detector_mode": "paper",
      "holdout_feasible": false,
      "holdout_speedup_vs_collection": 1.1659604751000767,
      "layout": {
        "detector": "detector",
        "expected_cost_dp": 145.2717968286466,
        "initial": [
          "K0",
          "K3",
          "K2",
          "detector"
        ],
        "initial_len_excl_detector": 3,
        "specialized": {
          "K0:coupe": [
            "K6",
            "K3",
            "detector"
          ],
          "K0:suv": [
            "K4",
            "K2",
            "K3",
            "detector"
          ]
        }
      },
      "optimized_holdout": {
        "accuracy": 0.6276799387442573,
        "expected_cost": 96.3442593209613,
        "macro_accuracy": 0.6334079898158311,
        "route_counts": {
          "K2": 21,
          "K3": 3042,
          "K4": 484,
          "detector": 1677
        },
        "worst_class_accuracy": 0.43041029766693484
      },
      "optimized_validation": {
        "accuracy": 0.7700775342203503,