{
  "measured_detector_cost_ms": 28.28079699887894,
  "outcomes_path": "checkpoints/empirical_outcomes_h08.pkl",
  "paper_costs": {
    "paper_100": {
      "collection_holdout": {
        "accuracy": 0.9160522788203753,
        "expected_cost": 42.80198494596973,
        "macro_accuracy": 0.915519188931941,
        "worst_class_accuracy": 0.8744827586206897
      },
      "collection_validation": {
        "accuracy": 0.9081047120418848,
        "expected_cost": 47.92895799145653,
        "macro_accuracy": 0.9076676954417751,
        "worst_class_accuracy": 0.8857684355616816
      },
      "detector_cost_ms": 100.0,
      "detector_mode": "paper",
      "holdout_feasible": true,
      "holdout_speedup_vs_collection": 1.1309170424866999,
      "layout": {
        "detector": "detector",
        "expected_cost_dp": 47.92895799145652,
        "initial": [
          "K0",
          "K3",
          "K2",
          "detector"
        ],
        "initial_len_excl_detector": 3,
        "specialized": {
          "K0:coupe": [
            "K6",
            "K3",
            "K2",
            "detector"
          ],
          "K0:suv": [
            "K4",
            "K3",
            "K2",
            "detector"
          ]
        }
      },
      "optimized_holdout": {
        "accuracy": 0.9135388739946381,
        "expected_cost": 37.84714823277862,
        "macro_accuracy": 0.9132081164682693,
        "route_counts": {
          "K0": 22,
          "K2": 15,
          "K3": 3028,
          "K4": 886,
          "K6": 584,
          "detector": 1433
        },
        "worst_class_accuracy": 0.883448275862069
      },
      "optimized_validation": {
        "accuracy": 0.9081884816753927,
        "expected_cost": 43.31928758619435,
        "feasible": true,
        "macro_accuracy": 0.9080594901384257,
        "worst_class_accuracy": 0.8848018725965557
      },
      "requested_detector_cost_ms": 100.0,
      "target_accuracy": 0.9081047120418848,
      "thresholds": {
        "K0": 0.9897202983194467,
        "K2": 0.9898046583545451,
        "K3": 0.7705238899406122,
        "K4": 0.9406448882453295,
        "K6": 0.9251968471371398
      }
    },
    "paper_1000": {
      "collection_holdout": {
        "accuracy": 0.9160522788203753,
        "expected_cost": 306.2570787797499,
        "macro_accuracy": 0.915519188931941,
        "worst_class_accuracy": 0.8744827586206897
      },
      "collection_validation": {
        "accuracy": 0.9081047120418848,
        "expected_cost": 351.912204064755,
        "macro_accuracy": 0.9076676954417751,
        "worst_class_accuracy": 0.8857684355616816
      },
      "detector_cost_ms": 1000.0,
      "detector_mode": "paper",
      "holdout_feasible": true,
      "holdout_speedup_vs_collection": 1.219175488693011,
      "layout": {
        "detector": "detector",
        "expected_cost_dp": 351.912204064755,
        "initial": [
          "K0",
          "K3",
          "K2",
          "detector"
        ],
        "initial_len_excl_detector": 3,
        "specialized": {
          "K0:coupe": [
            "K6",
            "K3",
            "K2",
            "detector"
          ],
          "K0:suv": [
            "K4",
            "K3",
            "K2",
            "detector"
          ]
        }
      },
      "optimized_holdout": {
        "accuracy": 0.9160522788203753,
        "expected_cost": 251.20016078084524,
        "macro_accuracy": 0.915778974594152,
        "route_counts": {
          "K0": 1,
          "K2": 3,
          "K3": 4386,
          "K4": 94,
          "K6": 80,
          "detector": 1404
        },
        "worst_class_accuracy": 0.886896551724138
      },
      "optimized_validation": {
        "accuracy": 0.9081047120418848,
        "expected_cost": 300.0291363711571,
        "feasible": true,
        "macro_accuracy": 0.9079919188764558,
        "worst_class_accuracy": 0.8821267346597559
      },
      "requested_detector_cost_ms": 1000.0,
      "target_accuracy": 0.9081047120418848,
      "thresholds": {
        "K0": 0.9999421834945679,
        "K2": 0.995337536140364,
        "K3": 0.7474969455174038,
        "K4": 0.9737255828721183,
        "K6": 0.9960604237050427
      }
    },
    "paper_10000": {
      "collection_holdout": {
        "accuracy": 0.9157171581769437,
        "expected_cost": 2939.504323457822,
        "macro_accuracy": 0.9151799759061607,
        "worst_class_accuracy": 0.8744827586206897
      },
      "collection_validation": {
        "accuracy": 0.9070994764397906,
        "expected_cost": 3383.1691104226525,
        "macro_accuracy": 0.9066543225212976,
        "worst_class_accuracy": 0.8843900758097863
      },
      "detector_cost_ms": 10000.0,
      "detector_mode": "paper",
      "holdout_feasible": true,
      "holdout_speedup_vs_collection": 1.2567265186806988,
      "layout": {
        "detector": "detector",
        "expected_cost_dp": 3383.169110422652,
        "initial": [
          "K0",
          "K3",
          "K2",
          "K1",
          "detector"
        ],
        "initial_len_excl_detector": 4,
        "specialized": {
          "K0:coupe": [
            "K6",
            "K3",
            "K2",
            "detector"
          ],
          "K0:suv": [
            "K4",
            "K3",
            "K2",
            "detector"
          ],
          "K1:coupe": [
            "K6",
            "detector"
          ],
          "K1:suv": [
            "K4",
            "detector"
          ]
        }
      },
      "optimized_holdout": {
        "accuracy": 0.9153820375335121,
        "expected_cost": 2339.0167071064034,
        "macro_accuracy": 0.91510833575986,
        "route_counts": {
          "K2": 2,
          "K3": 4553,
          "K4": 16,
          "K6": 12,
          "detector": 1385
        },
        "worst_class_accuracy": 0.8862068965517241
      },
      "optimized_validation": {
        "accuracy": 0.9070994764397906,
        "expected_cost": 2822.0075921122466,
        "feasible": true,
        "macro_accuracy": 0.9070199640425848,
        "worst_class_accuracy": 0.8822939307808059
      },
      "requested_detector_cost_ms": 10000.0,
      "target_accuracy": 0.9070994764397906,
      "thresholds": {
        "K0": 1.0,
        "K1": 0.9788751042619044,
        "K2": 0.9995218369425559,
        "K3": 0.7474969455174038,
        "K4": 0.6310889003228168,
        "K6": 0.0
      }
    },
    "paper_250": {
      "collection_holdout": {
        "accuracy": 0.9160522788203753,
        "expected_cost": 86.71116725159976,
        "macro_accuracy": 0.915519188931941,
        "worst_class_accuracy": 0.8744827586206897
      },
      "collection_validation": {
        "accuracy": 0.9081047120418848,
        "expected_cost": 98.59283233700626,
        "macro_accuracy": 0.9076676954417751,
        "worst_class_accuracy": 0.8857684355616816
      },
      "detector_cost_ms": 250.0,
      "detector_mode": "paper",
      "holdout_feasible": true,
      "holdout_speedup_vs_collection": 1.1705256538436475,
      "layout": {
        "detector": "detector",
        "expected_cost_dp": 98.59283233700626,
        "initial": [
          "K0",
          "K3",
          "K2",
          "detector"
        ],
        "initial_len_excl_detector": 3,
        "specialized": {
          "K0:coupe": [
            "K6",
            "K3",
            "K2",
            "detector"
          ],
          "K0:suv": [
            "K4",
            "K3",
            "K2",
            "detector"
          ]
        }
      },
      "optimized_holdout": {
        "accuracy": 0.9155495978552279,
        "expected_cost": 74.07882686455171,
        "macro_accuracy": 0.9152701550554818,
        "route_counts": {
          "K0": 2,
          "K3": 3961,
          "K4": 269,
          "K6": 334,
          "detector": 1402
        },
        "worst_class_accuracy": 0.886896551724138
      },