{
  "measured_detector_cost_ms": 28.28079699887894,
  "outcomes_path": "checkpoints/empirical_outcomes_i29.pkl",
  "paper_costs": {
    "paper_100": {
      "collection_holdout": {
        "accuracy": 0.7407932011331445,
        "expected_cost": 76.33855734534309,
        "macro_accuracy": 0.7401335726209568,
        "worst_class_accuracy": 0.6878590578322482
      },
      "collection_validation": {
        "accuracy": 0.7305540473548783,
        "expected_cost": 69.33019672695411,
        "macro_accuracy": 0.7294646785735726,
        "worst_class_accuracy": 0.6218881654538491
      },
      "detector_cost_ms": 100.0,
      "detector_mode": "paper",
      "holdout_feasible": true,
      "holdout_speedup_vs_collection": 1.0252100343594963,
      "layout": {
        "detector": "detector",
        "expected_cost_dp": 69.33019672695411,
        "initial": [
          "K0",
          "K2",
          "K3",
          "detector"
        ],
        "initial_len_excl_detector": 3,
        "specialized": {
          "K0:coupe": [
            "K6",
            "K2",
            "K3",
            "detector"
          ],
          "K0:suv": [
            "K4",
            "K3",
            "K2",
            "detector"
          ]
        }
      },
      "optimized_holdout": {
        "accuracy": 0.7430594900849858,
        "expected_cost": 74.4613833135528,
        "macro_accuracy": 0.7424538855621271,
        "route_counts": {
          "K0": 1230,
          "K2": 64,
          "K3": 519,
          "K4": 1767,
          "K6": 718,
          "detector": 6292
        },
        "worst_class_accuracy": 0.6844121026426656
      },
      "optimized_validation": {
        "accuracy": 0.7323717570406743,
        "expected_cost": 67.71744744521467,
        "feasible": true,
        "macro_accuracy": 0.7315369172205988,
        "worst_class_accuracy": 0.6359632324779778
      },
      "requested_detector_cost_ms": 100.0,
      "target_accuracy": 0.7305540473548783,
      "thresholds": {
        "K0": 0.9192136927526824,
        "K2": 0.9828026574485155,
        "K3": 0.9462348405195742,
        "K4": 0.7469717994028208,
        "K6": 0.0
      }
    },
    "paper_1000": {
      "collection_holdout": {
        "accuracy": 0.7407932011331445,
        "expected_cost": 612.6841664104988,
        "macro_accuracy": 0.7401335726209568,
        "worst_class_accuracy": 0.6878590578322482
      },
      "collection_validation": {
        "accuracy": 0.7305540473548783,
        "expected_cost": 546.2806936462903,
        "macro_accuracy": 0.7294646785735726,
        "worst_class_accuracy": 0.6218881654538491
      },
      "detector_cost_ms": 1000.0,
      "detector_mode": "paper",
      "holdout_feasible": true,
      "holdout_speedup_vs_collection": 1.0404742196619086,
      "layout": {
        "detector": "detector",
        "expected_cost_dp": 546.2806936462904,
        "initial": [
          "K0",
          "K2",
          "K3",
          "detector"
        ],
        "initial_len_excl_detector": 3,
        "specialized": {
          "K0:coupe": [
            "K6",
            "K2",
            "K3",
            "detector"
          ],
          "K0:suv": [
            "K4",
            "K3",
            "K2",
            "detector"
          ]
        }
      },
      "optimized_holdout": {
        "accuracy": 0.7366383380547686,
        "expected_cost": 588.850886290661,
        "macro_accuracy": 0.734925789229069,
        "route_counts": {
          "K0": 234,
          "K3": 3612,
          "K4": 340,
          "K6": 376,
          "detector": 6028
        },
        "worst_class_accuracy": 0.669175911251981
      },
      "optimized_validation": {
        "accuracy": 0.7306956870706546,
        "expected_cost": 521.7322409822525,
        "feasible": true,
        "macro_accuracy": 0.728718480903088,
        "worst_class_accuracy": 0.622845653006511
      },
      "requested_detector_cost_ms": 1000.0,
      "target_accuracy": 0.7305540473548783,
      "thresholds": {
        "K0": 0.9908722918860766,
        "K2": 0.9999990463256837,
        "K3": 0.7764108229656609,
        "K4": 0.95,
        "K6": 0.0
      }
    },
    "paper_10000": {
      "collection_holdout": {
        "accuracy": 0.7398489140698773,
        "expected_cost": 5971.264103134385,
        "macro_accuracy": 0.7391888186096949,
        "worst_class_accuracy": 0.686710072769054
      },
      "collection_validation": {
        "accuracy": 0.7274615802270957,
        "expected_cost": 5288.102326980758,
        "macro_accuracy": 0.7263781409048031,
        "worst_class_accuracy": 0.6179624664879356
      },
      "detector_cost_ms": 10000.0,
      "detector_mode": "paper",
      "holdout_feasible": true,
      "holdout_speedup_vs_collection": 1.0589635955825252,
      "layout": {
        "detector": "detector",
        "expected_cost_dp": 5288.102326980758,
        "initial": [
          "K0",
          "K2",
          "K3",
          "K1",
          "detector"
        ],
        "initial_len_excl_detector": 4,
        "specialized": {
          "K0:coupe": [
            "K6",
            "K2",
            "K3",
            "detector"
          ],
          "K0:suv": [
            "K4",
            "K3",
            "K2",
            "detector"
          ],
          "K1:coupe": [
            "K6",
            "detector"
          ],
          "K1:suv": [
            "K4",
            "detector"
          ]
        }
      },
      "optimized_holdout": {
        "accuracy": 0.7322946175637394,
        "expected_cost": 5638.781283930401,
        "macro_accuracy": 0.7305842454484034,
        "route_counts": {
          "K0": 3,
          "K1": 15,
          "K2": 205,
          "K3": 4338,
          "K4": 52,
          "K6": 33,
          "detector": 5944
        },
        "worst_class_accuracy": 0.6620443740095087
      },
      "optimized_validation": {
        "accuracy": 0.7275324000849839,
        "expected_cost": 5004.718982050704,
        "feasible": true,
        "macro_accuracy": 0.7253381770735315,
        "worst_class_accuracy": 0.6214094216775182
      },
      "requested_detector_cost_ms": 10000.0,
      "target_accuracy": 0.7274615802270957,
      "thresholds": {
        "K0": 0.9998669089103231,
        "K1": 0.9615768279348101,
        "K2": 0.9950627295338378,
        "K3": 0.7624595238237964,
        "K4": 0.6983882188796997,
        "K6": 0.9999169111251831
      }
    },
    "paper_250": {
      "collection_holdout": {
        "accuracy": 0.7407932011331445,
        "expected_cost": 165.7294921895357,
        "macro_accuracy": 0.7401335726209568,
        "worst_class_accuracy": 0.6878590578322482
      },
      "collection_validation": {
        "accuracy": 0.7305540473548783,
        "expected_cost": 148.82194621351016,
        "macro_accuracy": 0.7294646785735726,
        "worst_class_accuracy": 0.6218881654538491
      },
      "detector_cost_ms": 250.0,
      "detector_mode": "paper",
      "holdout_feasible": true,
      "holdout_speedup_vs_collection": 1.0282621305615072,
      "layout": {
        "detector": "detector",
        "expected_cost_dp": 148.82194621351013,
        "initial": [
          "K0",
          "K2",
          "K3",
          "detector"
        ],
        "initial_len_excl_detector": 3,
        "specialized": {
          "K0:coupe": [
            "K6",
            "K2",
            "K3",
            "detector"
          ],
          "K0:suv": [
            "K4",
            "K3",
            "K2",
            "detector"
          ]
        }
      },
      "optimized_holdout": {
        "accuracy": 0.7404154863078376,
        "expected_cost": 161.17436134600732,
        "macro_accuracy": 0.7388639891589314,
        "route_counts": {
          "K0": 336,
          "K3": 2682,
          "K4": 1082,
          "K6": 436,
          "detector": 6054
        },
        "worst_class_accuracy": 0.6790501723477594
      },