{
  "measured_detector_cost_ms": 28.28079699887894,
  "outcomes_path": "checkpoints/empirical_outcomes_s31.pkl",
  "paper_costs": {
    "paper_100": {
      "collection_holdout": {
        "accuracy": 0.7878968253968254,
        "expected_cost": 60.8378233973804,
        "macro_accuracy": 0.7875548638450846,
        "worst_class_accuracy": 0.7769607843137255
      },
      "collection_validation": {
        "accuracy": 0.7851473360452426,
        "expected_cost": 60.46447147080693,
        "macro_accuracy": 0.7848575938369113,
        "worst_class_accuracy": 0.7676542207792207
      },
      "detector_cost_ms": 100.0,
      "detector_mode": "paper",
      "holdout_feasible": false,
      "holdout_speedup_vs_collection": 1.0573585962446483,
      "layout": {
        "detector": "detector",
        "expected_cost_dp": 60.46447147080693,
        "initial": [
          "K0",
          "K3",
          "K2",
          "detector"
        ],
        "initial_len_excl_detector": 3,
        "specialized": {
          "K0:coupe": [
            "K6",
            "K2",
            "K3",
            "detector"
          ],
          "K0:suv": [
            "K4",
            "K2",
            "K3",
            "detector"
          ]
        }
      },
      "optimized_holdout": {
        "accuracy": 0.7833333333333333,
        "expected_cost": 57.5375502818572,
        "macro_accuracy": 0.7831569696907789,
        "route_counts": {
          "K0": 9,
          "K2": 149,
          "K3": 2688,
          "K4": 40,
          "K6": 120,
          "detector": 2034
        },
        "worst_class_accuracy": 0.7532679738562091
      },
      "optimized_validation": {
        "accuracy": 0.7851473360452426,
        "expected_cost": 57.13943048806192,
        "feasible": true,
        "macro_accuracy": 0.7852893291875793,
        "worst_class_accuracy": 0.7653186274509803
      },
      "requested_detector_cost_ms": 100.0,
      "target_accuracy": 0.7851473360452426,
      "thresholds": {
        "K0": 0.9996977168686536,
        "K2": 0.9590322533432318,
        "K3": 0.7801151190485273,
        "K4": 0.8044807996068681,
        "K6": 0.95
      }
    },
    "paper_1000": {
      "collection_holdout": {
        "accuracy": 0.7876984126984127,
        "expected_cost": 465.470211079884,
        "macro_accuracy": 0.7873519417671625,
        "worst_class_accuracy": 0.7769607843137255
      },
      "collection_validation": {
        "accuracy": 0.7850977279492013,
        "expected_cost": 461.99522225804094,
        "macro_accuracy": 0.7848068633174308,
        "worst_class_accuracy": 0.7674512987012987
      },
      "detector_cost_ms": 1000.0,
      "detector_mode": "paper",
      "holdout_feasible": true,
      "holdout_speedup_vs_collection": 1.0876098896074415,
      "layout": {
        "detector": "detector",
        "expected_cost_dp": 461.995222258041,
        "initial": [
          "K0",
          "K3",
          "K2",
          "detector"
        ],
        "initial_len_excl_detector": 3,
        "specialized": {
          "K0:coupe": [
            "K6",
            "K2",
            "K3",
            "K5",
            "detector"
          ],
          "K0:suv": [
            "K4",
            "K2",
            "K3",
            "detector"
          ]
        }
      },
      "optimized_holdout": {
        "accuracy": 0.7861111111111111,
        "expected_cost": 427.9753388854246,
        "macro_accuracy": 0.7860070180315795,
        "route_counts": {
          "K0": 9,
          "K2": 363,
          "K3": 2410,
          "K4": 37,
          "K6": 152,
          "detector": 2069
        },
        "worst_class_accuracy": 0.7712418300653595
      },
      "optimized_validation": {
        "accuracy": 0.7851473360452426,
        "expected_cost": 422.568768295428,
        "feasible": true,
        "macro_accuracy": 0.7849238670805545,
        "worst_class_accuracy": 0.7728758169934641
      },
      "requested_detector_cost_ms": 1000.0,
      "target_accuracy": 0.7850977279492013,
      "thresholds": {
        "K0": 0.9996977168686536,
        "K2": 0.8997702172824315,
        "K3": 0.8265112091083916,
        "K4": 0.8635197257509036,
        "K5": 0.9954959154129029,
        "K6": 0.0
      }
    },
    "paper_10000": {
      "collection_holdout": {
        "accuracy": 0.7867063492063492,
        "expected_cost": 4505.314911567509,
        "macro_accuracy": 0.7863728051630259,
        "worst_class_accuracy": 0.7769607843137255
      },
      "collection_validation": {
        "accuracy": 0.7843536065085822,
        "expected_cost": 4466.115099386402,
        "macro_accuracy": 0.7840666645874061,
        "worst_class_accuracy": 0.7662337662337663
      },
      "detector_cost_ms": 10000.0,
      "detector_mode": "paper",
      "holdout_feasible": false,
      "holdout_speedup_vs_collection": 1.1221448578011335,
      "layout": {
        "detector": "detector",
        "expected_cost_dp": 4466.115099386403,
        "initial": [
          "K0",
          "K3",
          "K2",
          "K1",
          "detector"
        ],
        "initial_len_excl_detector": 4,
        "specialized": {
          "K0:coupe": [
            "K6",
            "K2",
            "K3",
            "K5",
            "detector"
          ],
          "K0:suv": [
            "K4",
            "K2",
            "K3",
            "detector"
          ],
          "K1:coupe": [
            "K6",
            "K5",
            "detector"
          ],
          "K1:suv": [
            "detector"
          ]
        }
      },
      "optimized_holdout": {
        "accuracy": 0.7803571428571429,
        "expected_cost": 4014.913832422463,
        "macro_accuracy": 0.7801827598048043,
        "route_counts": {
          "K0": 9,
          "K1": 2,
          "K2": 214,
          "K3": 2614,
          "K4": 17,
          "K5": 2,
          "K6": 169,
          "detector": 2013
        },
        "worst_class_accuracy": 0.7524509803921569
      },
      "optimized_validation": {
        "accuracy": 0.7843536065085822,
        "expected_cost": 4016.359959137657,
        "feasible": true,
        "macro_accuracy": 0.7843173715392128,
        "worst_class_accuracy": 0.7636846405228758
      },
      "requested_detector_cost_ms": 10000.0,
      "target_accuracy": 0.7843536065085822,
      "thresholds": {
        "K0": 0.9996977168686536,
        "K1": 0.9261660235268728,
        "K2": 0.941718442099435,
        "K3": 0.7956160562379018,
        "K4": 0.9788367796917351,
        "K5": 0.7124132088252475,
        "K6": 0.814028663294656
      }
    },
    "paper_250": {
      "collection_holdout": {
        "accuracy": 0.7876984126984127,
        "expected_cost": 128.267830127503,
        "macro_accuracy": 0.7873519417671625,
        "worst_class_accuracy": 0.7769607843137255
      },
      "collection_validation": {
        "accuracy": 0.7850977279492013,
        "expected_cost": 127.4010164836586,
        "macro_accuracy": 0.7848068633174308,
        "worst_class_accuracy": 0.7674512987012987
      },
      "detector_cost_ms": 250.0,
      "detector_mode": "paper",
      "holdout_feasible": false,
      "holdout_speedup_vs_collection": 1.0840605893357858,
      "layout": {
        "detector": "detector",
        "expected_cost_dp": 127.40101648365861,
        "initial": [
          "K0",
          "K3",
          "K2",
          "detector"
        ],
        "initial_len_excl_detector": 3,
        "specialized": {
          "K0:coupe": [
            "K6",
            "K2",
            "K3",
            "K5",
            "detector"
          ],
          "K0:suv": [
            "K4",
            "K2",
            "K3",
            "detector"
          ]
        }
      },
      "optimized_holdout": {
        "accuracy": 0.7833333333333333,
        "expected_cost": 118.32164307909572,
        "macro_accuracy": 0.783277488708595,
        "route_counts": {
          "K0": 3,
          "K2": 43,