{
  "annealing": {
    "accuracy_gap": 0.023762124753972103,
    "cost_gap_ms": -84.31868110259256,
    "holdout": {
      "accuracy": 0.7429173047473201,
      "correct": 3881,
      "expected_cost": 4857.652102063115,
      "macro_accuracy": 0.7453299361404075,
      "per_class_accuracy": {
        "background": {
          "accuracy": null,
          "correct": 0,
          "total": 0
        },
        "cx30": {
          "accuracy": 0.6267095736122285,
          "correct": 779,
          "total": 1243
        },
        "gle350": {
          "accuracy": 0.6951469583048531,
          "correct": 1017,
          "total": 1463
        },
        "miata": {
          "accuracy": 0.9032520325203252,
          "correct": 1111,
          "total": 1230
        },
        "mustang": {
          "accuracy": 0.7562111801242236,
          "correct": 974,
          "total": 1288
        }
      },
      "route_counts": {
        "K2": 548,
        "K3": 1928,
        "K4": 222,
        "detector": 2526
      },
      "thresholds": {
        "K0": 0.998713070032548,
        "K1": 0.998279094696045,
        "K2": 0.7961869385777687,
        "K3": 0.950329269681658,
        "K4": 0.8232631744170675,
        "K6": 0.736756799172382
      },
      "total": 5224,
      "worst_class_accuracy": 0.6267095736122285
    },
    "holdout_feasible": false,
    "validation": {
      "accuracy": 0.7666794295012922,
      "annealing_accepted_moves": 2696,
      "annealing_elapsed_seconds": 12.228511966000951,
      "annealing_evaluations": 6923,
      "annealing_iterations": 8000,
      "coordinate_descent_elapsed_seconds": 1.1914071710052667,
      "coordinate_descent_evaluations": 625,
      "coordinate_descent_passes": 2,
      "correct": 16019,
      "elapsed_seconds": 13.419919137006218,
      "evaluations": 7548,
      "expected_cost": 4941.970783165708,
      "feasible": true,
      "macro_accuracy": 0.7610046666860617,
      "method": "simulated_annealing_plus_coordinate_descent",
      "passes": 2,
      "per_class_accuracy": {
        "background": {
          "accuracy": null,
          "correct": 0,
          "total": 0
        },
        "cx30": {
          "accuracy": 0.7453740949316171,
          "correct": 3706,
          "total": 4972
        },
        "gle350": {
          "accuracy": 0.9162536318578021,
          "correct": 5361,
          "total": 5851
        },
        "miata": {
          "accuracy": 0.7302845528455284,
          "correct": 3593,
          "total": 4920
        },
        "mustang": {
          "accuracy": 0.6521063871092991,
          "correct": 3359,
          "total": 5151
        }
      },
      "route_counts": {
        "K2": 5720,
        "K3": 4021,
        "K4": 875,
        "K6": 1,
        "detector": 10277
      },
      "target_accuracy": 0.7665837082416005,
      "thresholds": {
        "K0": 0.998713070032548,
        "K1": 0.998279094696045,
        "K2": 0.7961869385777687,
        "K3": 0.950329269681658,
        "K4": 0.8232631744170675,
        "K6": 0.736756799172382
      },
      "total": 20894,
      "worst_class_accuracy": 0.6521063871092991
    }
  },
  "baseline": {
    "accuracy_gap": 0.1201441982875423,
    "cost_gap_ms": -1298.7224086056594,
    "holdout": {
      "accuracy": 0.6464395099540582,
      "correct": 3377,
      "expected_cost": 3773.391242623302,
      "macro_accuracy": 0.6490502848263294,
      "per_class_accuracy": {
        "background": {
          "accuracy": null,
          "correct": 0,
          "total": 0
        },
        "cx30": {
          "accuracy": 0.5502815768302494,
          "correct": 684,
          "total": 1243
        },
        "gle350": {
          "accuracy": 0.5946684894053315,
          "correct": 870,
          "total": 1463
        },
        "miata": {
          "accuracy": 0.7967479674796748,
          "correct": 980,
          "total": 1230
        },
        "mustang": {
          "accuracy": 0.6545031055900621,
          "correct": 843,
          "total": 1288
        }
      },
      "route_counts": {
        "K0": 1,
        "K1": 5,
        "K2": 148,
        "K3": 2304,
        "K4": 791,
        "K6": 14,
        "detector": 1961
      },
      "thresholds": {
        "K0": 0.95,
        "K1": 0.95,
        "K2": 0.9,
        "K3": 0.9,
        "K4": 0.95,
        "K6": 0.95
      },
      "total": 5224,
      "worst_class_accuracy": 0.5502815768302494
    },
    "holdout_feasible": false,
    "validation": {
      "accuracy": 0.7665837082416005,
      "correct": 16017,
      "expected_cost": 5072.113651228961,
      "macro_accuracy": 0.7628796025741479,
      "per_class_accuracy": {
        "background": {
          "accuracy": null,
          "correct": 0,
          "total": 0
        },
        "cx30": {
          "accuracy": 0.7666934835076428,
          "correct": 3812,
          "total": 4972
        },
        "gle350": {
          "accuracy": 0.8625875918646385,
          "correct": 5047,
          "total": 5851
        },
        "miata": {
          "accuracy": 0.7270325203252033,
          "correct": 3577,
          "total": 4920
        },
        "mustang": {
          "accuracy": 0.695204814599107,
          "correct": 3581,
          "total": 5151
        }
      },
      "route_counts": {
        "K0": 19,
        "K1": 71,
        "K2": 2788,
        "K3": 4957,
        "K4": 2434,
        "K6": 69,
        "detector": 10556
      },
      "thresholds": {
        "K0": 0.95,
        "K1": 0.95,
        "K2": 0.9,
        "K3": 0.9,
        "K4": 0.95,
        "K6": 0.95
      },
      "total": 20894,
      "worst_class_accuracy": 0.695204814599107
    }
  },
  "detector": {
    "cost_ms": 10000.0,
    "id": "Kdet"
  },
  "detector_mode": "paper",
  "mode": "per_scene_structure",
  "scene": "a06",
  "split": {
    "holdout_fraction": 0.2,
    "holdout_samples": 5224,
    "initial_layout": [
      "K0",
      "K3",
      "K2",
      "K1",
      "detector"
    ],
    "layout_source": "validation_dp",
    "per_run": {
      "run0": {
        "holdout": 920,
        "validation": 3680
      },
      "run1": {
        "holdout": 310,
        "validation": 1240
      },
      "run2": {
        "holdout": 1092,
        "validation": 4368
      },
      "run3": {
        "holdout": 371,
        "validation": 1483
      },
      "run4": {
        "holdout": 956,
        "validation": 3823
      },
      "run5": {
        "holdout": 332,
        "validation": 1328
      },
      "run6": {
        "holdout": 919,
        "validation": 3676
      },
      "run7": {
        "holdout": 324,
        "validation": 1296
      }
    },
    "random_seed": 0,
    "specialized_layout": {
      "K0:coupe": [
        "K6",
        "K3",
        "detector"
      ],
      "K0:suv": [
        "K4",
        "K2",
        "K3",
        "detector"
      ],
      "K1:coupe": [
        "K6",
        "detector"
      ],
      "K1:suv": [
        "detector"
      ]
    },
    "strategy": "blocked_per_run",
    "validation_samples": 20894
  },
  "target_accuracy": 0.7665837082416005,
  "target_accuracy_source": "baseline_validation"
}
