{
  "annealing": {
    "accuracy_gap": 0.003032341364876401,
    "cost_gap_ms": -9.931134843400116,
    "holdout": {
      "accuracy": 0.9470967741935484,
      "correct": 1468,
      "expected_cost": 305.31752042080603,
      "macro_accuracy": 0.9451271042539491,
      "per_class_accuracy": {
        "background": {
          "accuracy": null,
          "correct": 0,
          "total": 0
        },
        "cx30": {
          "accuracy": 0.9869109947643979,
          "correct": 377,
          "total": 382
        },
        "gle350": {
          "accuracy": 0.9837587006960556,
          "correct": 424,
          "total": 431
        },
        "miata": {
          "accuracy": 0.9297297297297298,
          "correct": 344,
          "total": 370
        },
        "mustang": {
          "accuracy": 0.8801089918256131,
          "correct": 323,
          "total": 367
        }
      },
      "route_counts": {
        "K2": 1,
        "K3": 1450,
        "K4": 7,
        "K6": 47,
        "detector": 45
      },
      "thresholds": {
        "K0": 0.999996542930603,
        "K1": 0.834751078060695,
        "K2": 0.9487942116601127,
        "K3": 0.6029707193374634,
        "K4": 0.0,
        "K6": 0.0
      },
      "total": 1550,
      "worst_class_accuracy": 0.8801089918256131
    },
    "holdout_feasible": false,
    "validation": {
      "accuracy": 0.9501291155584248,
      "annealing_accepted_moves": 4338,
      "annealing_elapsed_seconds": 4.662539401004324,
      "annealing_evaluations": 7365,
      "annealing_iterations": 8000,
      "coordinate_descent_elapsed_seconds": 0.2795980259979842,
      "coordinate_descent_evaluations": 625,
      "coordinate_descent_passes": 2,
      "correct": 5887,
      "elapsed_seconds": 4.942137427002308,
      "evaluations": 7990,
      "expected_cost": 315.24865526420615,
      "feasible": true,
      "macro_accuracy": 0.9481514728123881,
      "method": "simulated_annealing_plus_coordinate_descent",
      "passes": 2,
      "per_class_accuracy": {
        "background": {
          "accuracy": null,
          "correct": 0,
          "total": 0
        },
        "cx30": {
          "accuracy": 0.990170380078637,
          "correct": 1511,
          "total": 1526
        },
        "gle350": {
          "accuracy": 0.987811955890888,
          "correct": 1702,
          "total": 1723
        },
        "miata": {
          "accuracy": 0.9242219215155616,
          "correct": 1366,
          "total": 1478
        },
        "mustang": {
          "accuracy": 0.8904016337644656,
          "correct": 1308,
          "total": 1469
        }
      },
      "route_counts": {
        "K1": 2,
        "K2": 6,
        "K3": 5813,
        "K4": 23,
        "K6": 166,
        "detector": 186
      },
      "target_accuracy": 0.95,
      "thresholds": {
        "K0": 0.999996542930603,
        "K1": 0.834751078060695,
        "K2": 0.9487942116601127,
        "K3": 0.6029707193374634,
        "K4": 0.0,
        "K6": 0.0
      },
      "total": 6196,
      "worst_class_accuracy": 0.8904016337644656
    }
  },
  "baseline": {
    "accuracy_gap": -0.0035706699431474753,
    "cost_gap_ms": -9.164963346136574,
    "holdout": {
      "accuracy": 0.9690322580645161,
      "correct": 1502,
      "expected_cost": 1268.7927718555352,
      "macro_accuracy": 0.9680146276604393,
      "per_class_accuracy": {
        "background": {
          "accuracy": null,
          "correct": 0,
          "total": 0
        },
        "cx30": {
          "accuracy": 0.9895287958115183,
          "correct": 378,
          "total": 382
        },
        "gle350": {
          "accuracy": 0.988399071925754,
          "correct": 426,
          "total": 431
        },
        "miata": {
          "accuracy": 0.9513513513513514,
          "correct": 352,
          "total": 370
        },
        "mustang": {
          "accuracy": 0.9427792915531336,
          "correct": 346,
          "total": 367
        }
      },
      "route_counts": {
        "K0": 8,
        "K2": 20,
        "K3": 462,
        "K4": 528,
        "K6": 337,
        "detector": 195
      },
      "thresholds": {
        "K0": 0.95,
        "K1": 0.95,
        "K2": 0.9,
        "K3": 0.9,
        "K4": 0.95,
        "K6": 0.95
      },
      "total": 1550,
      "worst_class_accuracy": 0.9427792915531336
    },
    "holdout_feasible": true,
    "validation": {
      "accuracy": 0.9654615881213686,
      "correct": 5982,
      "expected_cost": 1277.9577352016718,
      "macro_accuracy": 0.9642317120940487,
      "per_class_accuracy": {
        "background": {
          "accuracy": null,
          "correct": 0,
          "total": 0
        },
        "cx30": {
          "accuracy": 0.9868938401048493,
          "correct": 1506,
          "total": 1526
        },
        "gle350": {
          "accuracy": 0.9901334881021474,
          "correct": 1706,
          "total": 1723
        },
        "miata": {
          "accuracy": 0.9364005412719891,
          "correct": 1384,
          "total": 1478
        },
        "mustang": {
          "accuracy": 0.943498978897209,
          "correct": 1386,
          "total": 1469
        }
      },
      "route_counts": {
        "K0": 31,
        "K2": 98,
        "K3": 1958,
        "K4": 2076,
        "K6": 1248,
        "detector": 785
      },
      "thresholds": {
        "K0": 0.95,
        "K1": 0.95,
        "K2": 0.9,
        "K3": 0.9,
        "K4": 0.95,
        "K6": 0.95
      },
      "total": 6196,
      "worst_class_accuracy": 0.9364005412719891
    }
  },
  "detector": {
    "cost_ms": 10000.0,
    "id": "Kdet"
  },
  "detector_mode": "paper",
  "split": {
    "holdout_fraction": 0.2,
    "holdout_samples": 1550,
    "initial_layout": [
      "K0",
      "K3",
      "K2",
      "K1",
      "detector"
    ],
    "layout_source": "validation_dp",
    "per_run": {
      "run1": {
        "holdout": 431,
        "validation": 1723
      },
      "run3": {
        "holdout": 382,
        "validation": 1526
      },
      "run5": {
        "holdout": 367,
        "validation": 1469
      },
      "run7": {
        "holdout": 370,
        "validation": 1478
      }
    },
    "random_seed": 0,
    "specialized_layout": {
      "K0:coupe": [
        "K6",
        "K3",
        "K2",
        "detector"
      ],
      "K0:suv": [
        "K4",
        "K3",
        "K2",
        "detector"
      ],
      "K1:coupe": [
        "K6",
        "detector"
      ],
      "K1:suv": [
        "detector"
      ]
    },
    "strategy": "blocked_per_run",
    "validation_samples": 6196
  },
  "target_accuracy": 0.95,
  "target_accuracy_source": "explicit"
}
