{
  "annealing": {
    "accuracy_gap": -0.008451238051604637,
    "cost_gap_ms": -0.019289966152943983,
    "holdout": {
      "accuracy": 0.9090322580645162,
      "correct": 1409,
      "expected_cost": 6.2735663132069845,
      "macro_accuracy": 0.9056700881698159,
      "per_class_accuracy": {
        "background": {
          "accuracy": null,
          "correct": 0,
          "total": 0
        },
        "cx30": {
          "accuracy": 0.9633507853403142,
          "correct": 368,
          "total": 382
        },
        "gle350": {
          "accuracy": 0.974477958236659,
          "correct": 420,
          "total": 431
        },
        "miata": {
          "accuracy": 0.8864864864864865,
          "correct": 328,
          "total": 370
        },
        "mustang": {
          "accuracy": 0.7983651226158038,
          "correct": 293,
          "total": 367
        }
      },
      "route_counts": {
        "K0": 25,
        "K3": 312,
        "K4": 673,
        "K6": 540
      },
      "thresholds": {
        "K0": 0.7988758683204651,
        "K3": 0.0,
        "K4": 0.8359688690730503,
        "K6": 0.5390289000102452
      },
      "total": 1550,
      "worst_class_accuracy": 0.7983651226158038
    },
    "holdout_feasible": true,
    "validation": {
      "accuracy": 0.9005810200129115,
      "annealing_accepted_moves": 2018,
      "annealing_elapsed_seconds": 3.370294152002316,
      "annealing_evaluations": 6917,
      "annealing_iterations": 8000,
      "coordinate_descent_elapsed_seconds": 0.09334033299819566,
      "coordinate_descent_evaluations": 209,
      "coordinate_descent_passes": 1,
      "correct": 5580,
      "elapsed_seconds": 3.4636344850005116,
      "evaluations": 7126,
      "expected_cost": 6.2928562793599285,
      "feasible": true,
      "macro_accuracy": 0.8972587803764308,
      "method": "simulated_annealing_plus_coordinate_descent",
      "per_class_accuracy": {
        "background": {
          "accuracy": null,
          "correct": 0,
          "total": 0
        },
        "cx30": {
          "accuracy": 0.9580602883355177,
          "correct": 1462,
          "total": 1526
        },
        "gle350": {
          "accuracy": 0.9663377829367382,
          "correct": 1665,
          "total": 1723
        },
        "miata": {
          "accuracy": 0.8497970230040596,
          "correct": 1256,
          "total": 1478
        },
        "mustang": {
          "accuracy": 0.8148400272294077,
          "correct": 1197,
          "total": 1469
        }
      },
      "route_counts": {
        "K0": 71,
        "K3": 1245,
        "K4": 2715,
        "K6": 2165
      },
      "target_accuracy": 0.9,
      "thresholds": {
        "K0": 0.7988758683204651,
        "K3": 0.0,
        "K4": 0.8359688690730503,
        "K6": 0.5390289000102452
      },
      "total": 6196,
      "worst_class_accuracy": 0.8148400272294077
    }
  },
  "baseline": {
    "accuracy_gap": -0.017950602886357414,
    "cost_gap_ms": -0.34923784676372804,
    "holdout": {
      "accuracy": 0.944516129032258,
      "correct": 1464,
      "expected_cost": 12.921894083128896,
      "macro_accuracy": 0.9424255879274062,
      "per_class_accuracy": {
        "background": {
          "accuracy": null,
          "correct": 0,
          "total": 0
        },
        "cx30": {
          "accuracy": 0.9790575916230366,
          "correct": 374,
          "total": 382
        },
        "gle350": {
          "accuracy": 0.9860788863109049,
          "correct": 425,
          "total": 431
        },
        "miata": {
          "accuracy": 0.9081081081081082,
          "correct": 336,
          "total": 370
        },
        "mustang": {
          "accuracy": 0.896457765667575,
          "correct": 329,
          "total": 367
        }
      },
      "route_counts": {
        "K0": 8,
        "K3": 462,
        "K4": 528,
        "K6": 335,
        "Kdet": 217
      },
      "thresholds": {
        "K0": 0.95,
        "K3": 0.9,
        "K4": 0.95,
        "K6": 0.95
      },
      "total": 1550,
      "worst_class_accuracy": 0.896457765667575
    },
    "holdout_feasible": true,
    "validation": {
      "accuracy": 0.9265655261459006,
      "correct": 5741,
      "expected_cost": 13.271131929892624,
      "macro_accuracy": 0.9240513721703201,
      "per_class_accuracy": {
        "background": {
          "accuracy": null,
          "correct": 0,
          "total": 0
        },
        "cx30": {
          "accuracy": 0.9587155963302753,
          "correct": 1463,
          "total": 1526
        },
        "gle350": {
          "accuracy": 0.9791062100986652,
          "correct": 1687,
          "total": 1723
        },
        "miata": {
          "accuracy": 0.881596752368065,
          "correct": 1303,
          "total": 1478
        },
        "mustang": {
          "accuracy": 0.876786929884275,
          "correct": 1288,
          "total": 1469
        }
      },
      "route_counts": {
        "K0": 31,
        "K3": 1958,
        "K4": 2076,
        "K6": 1243,
        "Kdet": 888
      },
      "thresholds": {
        "K0": 0.95,
        "K3": 0.9,
        "K4": 0.95,
        "K6": 0.95
      },
      "total": 6196,
      "worst_class_accuracy": 0.876786929884275
    }
  },
  "detector": {
    "cost_ms": 28.28079699887894,
    "id": "Kdet"
  },
  "detector_mode": "trained",
  "split": {
    "holdout_fraction": 0.2,
    "holdout_samples": 1550,
    "initial_layout": [
      "K0",
      "K3",
      "detector"
    ],
    "layout_source": "validation_dp",
    "per_run": {
      "run1": {
        "holdout": 431,
        "validation": 1723
      },
      "run3": {
        "holdout": 382,
        "validation": 1526
      },
      "run5": {
        "holdout": 367,
        "validation": 1469
      },
      "run7": {
        "holdout": 370,
        "validation": 1478
      }
    },
    "random_seed": 0,
    "specialized_layout": {
      "K0:coupe": [
        "K6",
        "K3",
        "detector"
      ],
      "K0:suv": [
        "K4",
        "K3",
        "detector"
      ]
    },
    "strategy": "blocked_per_run",
    "validation_samples": 6196
  },
  "target_accuracy": 0.9,
  "target_accuracy_source": "explicit"
}
