{
  "annealing": {
    "accuracy_gap": -0.0016530956496386695,
    "cost_gap_ms": -0.19465279182121265,
    "holdout": {
      "accuracy": 0.9393548387096774,
      "correct": 1456,
      "expected_cost": 15.220536505242794,
      "macro_accuracy": 0.9372361358143406,
      "per_class_accuracy": {
        "background": {
          "accuracy": null,
          "correct": 0,
          "total": 0
        },
        "cx30": {
          "accuracy": 0.981675392670157,
          "correct": 375,
          "total": 382
        },
        "gle350": {
          "accuracy": 0.9791183294663574,
          "correct": 422,
          "total": 431
        },
        "miata": {
          "accuracy": 0.9162162162162162,
          "correct": 339,
          "total": 370
        },
        "mustang": {
          "accuracy": 0.8719346049046321,
          "correct": 320,
          "total": 367
        }
      },
      "route_counts": {
        "K3": 1411,
        "K4": 20,
        "K6": 58,
        "Kdet": 61
      },
      "thresholds": {
        "K0": 0.999988215310233,
        "K3": 0.6029707193374634,
        "K4": 0.5000462532043457,
        "K6": 0.927655645779201
      },
      "total": 1550,
      "worst_class_accuracy": 0.8719346049046321
    },
    "holdout_feasible": false,
    "validation": {
      "accuracy": 0.9377017430600387,
      "annealing_accepted_moves": 2126,
      "annealing_elapsed_seconds": 2.8960180709982524,
      "annealing_evaluations": 7702,
      "annealing_iterations": 8000,
      "coordinate_descent_elapsed_seconds": 0.07390815499820746,
      "coordinate_descent_evaluations": 209,
      "coordinate_descent_passes": 1,
      "correct": 5810,
      "elapsed_seconds": 2.96992622599646,
      "evaluations": 7911,
      "expected_cost": 15.415189297064007,
      "feasible": false,
      "macro_accuracy": 0.9354713509254088,
      "method": "simulated_annealing_plus_coordinate_descent",
      "per_class_accuracy": {
        "background": {
          "accuracy": null,
          "correct": 0,
          "total": 0
        },
        "cx30": {
          "accuracy": 0.9750982961992136,
          "correct": 1488,
          "total": 1526
        },
        "gle350": {
          "accuracy": 0.9820081253627394,
          "correct": 1692,
          "total": 1723
        },
        "miata": {
          "accuracy": 0.9066305818673883,
          "correct": 1340,
          "total": 1478
        },
        "mustang": {
          "accuracy": 0.8781484002722941,
          "correct": 1290,
          "total": 1469
        }
      },
      "route_counts": {
        "K3": 5717,
        "K4": 61,
        "K6": 165,
        "Kdet": 253
      },
      "target_accuracy": 0.98,
      "thresholds": {
        "K0": 0.999988215310233,
        "K3": 0.6029707193374634,
        "K4": 0.5000462532043457,
        "K6": 0.927655645779201
      },
      "total": 6196,
      "worst_class_accuracy": 0.8781484002722941
    }
  },
  "baseline": {
    "accuracy_gap": -0.017950602886357414,
    "cost_gap_ms": -0.34923784676372804,
    "holdout": {
      "accuracy": 0.944516129032258,
      "correct": 1464,
      "expected_cost": 12.921894083128896,
      "macro_accuracy": 0.9424255879274062,
      "per_class_accuracy": {
        "background": {
          "accuracy": null,
          "correct": 0,
          "total": 0
        },
        "cx30": {
          "accuracy": 0.9790575916230366,
          "correct": 374,
          "total": 382
        },
        "gle350": {
          "accuracy": 0.9860788863109049,
          "correct": 425,
          "total": 431
        },
        "miata": {
          "accuracy": 0.9081081081081082,
          "correct": 336,
          "total": 370
        },
        "mustang": {
          "accuracy": 0.896457765667575,
          "correct": 329,
          "total": 367
        }
      },
      "route_counts": {
        "K0": 8,
        "K3": 462,
        "K4": 528,
        "K6": 335,
        "Kdet": 217
      },
      "thresholds": {
        "K0": 0.95,
        "K3": 0.9,
        "K4": 0.95,
        "K6": 0.95
      },
      "total": 1550,
      "worst_class_accuracy": 0.896457765667575
    },
    "holdout_feasible": false,
    "validation": {
      "accuracy": 0.9265655261459006,
      "correct": 5741,
      "expected_cost": 13.271131929892624,
      "macro_accuracy": 0.9240513721703201,
      "per_class_accuracy": {
        "background": {
          "accuracy": null,
          "correct": 0,
          "total": 0
        },
        "cx30": {
          "accuracy": 0.9587155963302753,
          "correct": 1463,
          "total": 1526
        },
        "gle350": {
          "accuracy": 0.9791062100986652,
          "correct": 1687,
          "total": 1723
        },
        "miata": {
          "accuracy": 0.881596752368065,
          "correct": 1303,
          "total": 1478
        },
        "mustang": {
          "accuracy": 0.876786929884275,
          "correct": 1288,
          "total": 1469
        }
      },
      "route_counts": {
        "K0": 31,
        "K3": 1958,
        "K4": 2076,
        "K6": 1243,
        "Kdet": 888
      },
      "thresholds": {
        "K0": 0.95,
        "K3": 0.9,
        "K4": 0.95,
        "K6": 0.95
      },
      "total": 6196,
      "worst_class_accuracy": 0.876786929884275
    }
  },
  "detector": {
    "cost_ms": 28.28079699887894,
    "id": "Kdet"
  },
  "detector_mode": "trained",
  "split": {
    "holdout_fraction": 0.2,
    "holdout_samples": 1550,
    "initial_layout": [
      "K0",
      "K3",
      "detector"
    ],
    "layout_source": "validation_dp",
    "per_run": {
      "run1": {
        "holdout": 431,
        "validation": 1723
      },
      "run3": {
        "holdout": 382,
        "validation": 1526
      },
      "run5": {
        "holdout": 367,
        "validation": 1469
      },
      "run7": {
        "holdout": 370,
        "validation": 1478
      }
    },
    "random_seed": 0,
    "specialized_layout": {
      "K0:coupe": [
        "K6",
        "K3",
        "detector"
      ],
      "K0:suv": [
        "K4",
        "K3",
        "detector"
      ]
    },
    "strategy": "blocked_per_run",
    "validation_samples": 6196
  },
  "target_accuracy": 0.98,
  "target_accuracy_source": "explicit"
}
