{
  "baseline_micro_validation": 0.7249424083769633,
  "budgets": {
    "budget_0p5pp": {
      "anneal_feasible": true,
      "annealed": true,
      "baseline_micro_validation": 0.7249424083769633,
      "budget": 0.005,
      "delta_vs_budget_0pp": {
        "accuracy": -0.007037533512064376,
        "cost_ms": -1.967825550753565,
        "speedup_ratio": 1.1418562488009512
      },
      "floor": 0.7199424083769633,
      "holdout": {
        "accuracy": 0.7548592493297587,
        "expected_cost": 13.871969457720295,
        "macro_accuracy": 0.7538686424411525,
        "route_counts": {
          "K0": 426,
          "K3": 3284,
          "K4": 258,
          "K6": 1325,
          "Kdet": 675
        },
        "worst_class_accuracy": 0.6806896551724138
      },
      "holdout_feasible": true,
      "holdout_speedup_vs_collection": 1.4857870677137102,
      "status": "ok",
      "thresholds": {
        "K0": 0.6402422396504149,
        "K3": 0.0,
        "K4": 0.9994713639726445,
        "K6": 0.95
      },
      "validation": {
        "accuracy": 0.7200837696335078,
        "expected_cost": 14.472552327210392,
        "macro_accuracy": 0.7192232007910941,
        "worst_class_accuracy": 0.6865772950958765
      },
      "validation_feasible": true
    },
    "budget_0pp": {
      "anneal_feasible": true,
      "annealed": true,
      "baseline_micro_validation": 0.7249424083769633,
      "budget": 0.0,
      "delta_vs_budget_0pp": {
        "accuracy": 0.0,
        "cost_ms": 0.0,
        "speedup_ratio": 1.0
      },
      "floor": 0.7249424083769633,
      "holdout": {
        "accuracy": 0.761896782841823,
        "expected_cost": 15.83979500847386,
        "macro_accuracy": 0.7609094842406374,
        "route_counts": {
          "K0": 342,
          "K3": 3172,
          "K4": 168,
          "K6": 1115,
          "Kdet": 1171
        },
        "worst_class_accuracy": 0.6841379310344827
      },
      "holdout_feasible": true,
      "holdout_speedup_vs_collection": 1.3012032550278694,
      "status": "ok",
      "thresholds": {
        "K0": 0.7419269449856816,
        "K3": 0.0,
        "K4": 0.9997279291250267,
        "K6": 0.9769513363740882
      },
      "validation": {
        "accuracy": 0.7249842931937173,
        "expected_cost": 16.38362196200109,
        "macro_accuracy": 0.7240389420898065,
        "worst_class_accuracy": 0.687595452231461
      },
      "validation_feasible": true
    },
    "budget_1pp": {
      "anneal_feasible": true,
      "annealed": true,
      "baseline_micro_validation": 0.7249424083769633,
      "budget": 0.01,
      "delta_vs_budget_0pp": {
        "accuracy": -0.013739946380697088,
        "cost_ms": -3.773307228565873,
        "speedup_ratio": 1.3127096548217485
      },
      "floor": 0.7149424083769633,
      "holdout": {
        "accuracy": 0.748156836461126,
        "expected_cost": 12.066487779907987,
        "macro_accuracy": 0.7472971268663922,
        "route_counts": {
          "K0": 512,
          "K3": 3635,
          "K4": 185,
          "K6": 1535,
          "Kdet": 101
        },
        "worst_class_accuracy": 0.6786206896551724
      },
      "holdout_feasible": true,
      "holdout_speedup_vs_collection": 1.7081020757605698,
      "status": "ok",
      "thresholds": {
        "K0": 0.5017544785324408,
        "K3": 0.0,
        "K4": 0.9997279291250267,
        "K6": 0.935357539021239
      },
      "validation": {
        "accuracy": 0.7151832460732984,
        "expected_cost": 12.60636201042237,
        "macro_accuracy": 0.7144305830611147,
        "worst_class_accuracy": 0.6875104497575656
      },
      "validation_feasible": true
    },
    "budget_2pp": {
      "anneal_feasible": true,
      "annealed": true,
      "baseline_micro_validation": 0.7249424083769633,
      "budget": 0.02,
      "delta_vs_budget_0pp": {
        "accuracy": -0.025469168900804307,
        "cost_ms": -6.095899020583991,
        "speedup_ratio": 1.6256120783883812
      },
      "floor": 0.7049424083769633,
      "holdout": {
        "accuracy": 0.7364276139410187,
        "expected_cost": 9.74389598788987,
        "macro_accuracy": 0.7355799965125167,
        "route_counts": {
          "K0": 541,
          "K3": 2755,
          "K4": 860,
          "K6": 1812
        },
        "worst_class_accuracy": 0.6862068965517242
      },
      "holdout_feasible": true,
      "holdout_speedup_vs_collection": 2.1152517278115814,
      "status": "ok",
      "thresholds": {
        "K0": 0.0,
        "K3": 0.0,
        "K4": 0.9933533765831772,
        "K6": 0.7976272227812786
      },
      "validation": {
        "accuracy": 0.7050471204188482,
        "expected_cost": 10.193355665503214,
        "macro_accuracy": 0.7042683602796658,
        "worst_class_accuracy": 0.6692860725631166
      },
      "validation_feasible": true
    },
    "budget_3pp": {
      "anneal_feasible": true,
      "annealed": true,
      "baseline_micro_validation": 0.7249424083769633,
      "budget": 0.03,
      "delta_vs_budget_0pp": {
        "accuracy": -0.03250670241286868,
        "cost_ms": -7.4913164908326415,
        "speedup_ratio": 1.8973271566792316
      },
      "floor": 0.6949424083769633,
      "holdout": {
        "accuracy": 0.7293900804289544,
        "expected_cost": 8.348478517641219,
        "macro_accuracy": 0.7285169554206208,
        "route_counts": {
          "K0": 541,
          "K3": 2098,
          "K4": 1571,
          "K6": 1758
        },
        "worst_class_accuracy": 0.6976588628762542
      },
      "holdout_feasible": true,
      "holdout_speedup_vs_collection": 2.4688082721237885,
      "status": "ok",
      "thresholds": {
        "K0": 0.0,
        "K3": 0.0,
        "K4": 0.9645540118217468,
        "K6": 0.8367987408929941
      },
      "validation": {
        "accuracy": 0.695413612565445,
        "expected_cost": 8.805546332403948,
        "macro_accuracy": 0.6946346224915181,
        "worst_class_accuracy": 0.6378532018057181
      },
      "validation_feasible": true
    },
    "collection": {
      "annealed": false,
      "budget": null,
      "floor": null,
      "holdout": {
        "accuracy": 0.7742962466487936,
        "expected_cost": 20.610792824000384,
        "macro_accuracy": 0.7727619039447213,
        "worst_class_accuracy": 0.6737931034482758
      },
      "holdout_feasible": true,
      "holdout_speedup_vs_collection": 1.0,
      "status": "ok",
      "thresholds": {
        "K0": 0.95,
        "K3": 0.9,
        "K4": 0.95,
        "K6": 0.95
      },
      "validation": {
        "accuracy": 0.7249424083769633,
        "expected_cost": 21.524061334046635,
        "macro_accuracy": 0.7232392519039594,
        "worst_class_accuracy": 0.6502412129565817
      }
    }
  },
  "detector_mode": "trained",
  "layout": {
    "detector": "detector",
    "expected_cost_dp": 21.524061334046635,
    "initial": [
      "K0",
      "detector"
    ],
    "specialized": {
      "K0:coupe": [
        "K6",
        "K3",
        "detector"
      ],
      "K0:suv": [
        "K4",
        "K3",
        "detector"
      ]
    }
  },
  "outcomes_path": "checkpoints/empirical_outcomes_h08.pkl",
  "scene": "h08",
  "split": {
    "holdout_fraction": 0.2,
    "holdout_samples": 5968,
    "per_run": {
      "run0": {
        "holdout": 1123,
        "validation": 4493
      },
      "run1": {
        "holdout": 426,
        "validation": 1704
      },
      "run2": {
        "holdout": 1115,
        "validation": 4459
      },
      "run3": {
        "holdout": 380,
        "validation": 1522
      },
      "run4": {
        "holdout": 1102,
        "validation": 4406
      },
      "run5": {
        "holdout": 372,
        "validation": 1487
      },
      "run6": {
        "holdout": 1088,
        "validation": 4354
      },
      "run7": {
        "holdout": 362,
        "validation": 1450
      }
    },
    "random_seed": 0,
    "strategy": "blocked_per_run",