{
  "baseline_micro_validation": 0.9265655261459006,
  "budgets": {
    "budget_0p5pp": {
      "anneal_feasible": true,
      "annealed": true,
      "baseline_micro_validation": 0.9265655261459006,
      "budget": 0.005,
      "delta_vs_budget_0pp": {
        "accuracy": -0.001935483870967647,
        "cost_ms": -1.0833963698459659,
        "speedup_ratio": 1.1323989297777666
      },
      "floor": 0.9215655261459006,
      "holdout": {
        "accuracy": 0.9290322580645162,
        "expected_cost": 8.182818181872474,
        "macro_accuracy": 0.9264282456667499,
        "route_counts": {
          "K0": 11,
          "K3": 578,
          "K4": 568,
          "K6": 393
        },
        "worst_class_accuracy": 0.8419618528610354
      },
      "holdout_feasible": true,
      "holdout_speedup_vs_collection": 1.5791496029760226,
      "status": "ok",
      "thresholds": {
        "K0": 0.9363071322441101,
        "K3": 0.0,
        "K4": 0.9045340418815613,
        "K6": 0.8630513634000503
      },
      "validation": {
        "accuracy": 0.9217236927049709,
        "expected_cost": 8.39279413876797,
        "macro_accuracy": 0.919054736371602,
        "worst_class_accuracy": 0.8434309053778081
      },
      "validation_feasible": true
    },
    "budget_0pp": {
      "anneal_feasible": true,
      "annealed": true,
      "baseline_micro_validation": 0.9265655261459006,
      "budget": 0.0,
      "delta_vs_budget_0pp": {
        "accuracy": 0.0,
        "cost_ms": 0.0,
        "speedup_ratio": 1.0
      },
      "floor": 0.9265655261459006,
      "holdout": {
        "accuracy": 0.9309677419354838,
        "expected_cost": 9.26621455171844,
        "macro_accuracy": 0.9283762131250317,
        "route_counts": {
          "K0": 7,
          "K3": 723,
          "K4": 532,
          "K6": 288
        },
        "worst_class_accuracy": 0.8501362397820164
      },
      "holdout_feasible": true,
      "holdout_speedup_vs_collection": 1.3945170394022985,
      "status": "ok",
      "thresholds": {
        "K0": 0.9613924367087228,
        "K3": 0.0,
        "K4": 0.9193535872868128,
        "K6": 0.9835507443972996
      },
      "validation": {
        "accuracy": 0.9265655261459006,
        "expected_cost": 9.51742977354339,
        "macro_accuracy": 0.9240429781913602,
        "worst_class_accuracy": 0.8481960517358748
      },
      "validation_feasible": true
    },
    "budget_1pp": {
      "anneal_feasible": true,
      "annealed": true,
      "baseline_micro_validation": 0.9265655261459006,
      "budget": 0.01,
      "delta_vs_budget_0pp": {
        "accuracy": -0.007096774193548372,
        "cost_ms": -1.7773131557334692,
        "speedup_ratio": 1.23732628616079
      },
      "floor": 0.9165655261459006,
      "holdout": {
        "accuracy": 0.9238709677419354,
        "expected_cost": 7.48890139598497,
        "macro_accuracy": 0.921234456695438,
        "route_counts": {
          "K0": 20,
          "K3": 469,
          "K4": 618,
          "K6": 443
        },
        "worst_class_accuracy": 0.8310626702997275
      },
      "holdout_feasible": true,
      "holdout_speedup_vs_collection": 1.7254725893515863,
      "status": "ok",
      "thresholds": {
        "K0": 0.8498378310884748,
        "K3": 0.0,
        "K4": 0.9193535872868128,
        "K6": 0.8820360813822065
      },
      "validation": {
        "accuracy": 0.9170432537120723,
        "expected_cost": 7.826803640322369,
        "macro_accuracy": 0.9142627415005788,
        "worst_class_accuracy": 0.831858407079646
      },
      "validation_feasible": true
    },
    "budget_2pp": {
      "anneal_feasible": true,
      "annealed": true,
      "baseline_micro_validation": 0.9265655261459006,
      "budget": 0.02,
      "delta_vs_budget_0pp": {
        "accuracy": -0.014838709677419293,
        "cost_ms": -2.505136379730632,
        "speedup_ratio": 1.3705232088736674
      },
      "floor": 0.9065655261459006,
      "holdout": {
        "accuracy": 0.9161290322580645,
        "expected_cost": 6.7610781719878075,
        "macro_accuracy": 0.9130345075023153,
        "route_counts": {
          "K0": 20,
          "K3": 380,
          "K4": 650,
          "K6": 500
        },
        "worst_class_accuracy": 0.8119891008174387
      },
      "holdout_feasible": true,
      "holdout_speedup_vs_collection": 1.911217967670645,
      "status": "ok",
      "thresholds": {
        "K0": 0.8498378310884748,
        "K3": 0.0,
        "K4": 0.8359688690730503,
        "K6": 0.6526158707482473
      },
      "validation": {
        "accuracy": 0.9068754034861201,
        "expected_cost": 6.867338866592421,
        "macro_accuracy": 0.9037954740029264,
        "worst_class_accuracy": 0.8209666439754936
      },
      "validation_feasible": true
    },
    "budget_3pp": {
      "anneal_feasible": true,
      "annealed": true,
      "baseline_micro_validation": 0.9265655261459006,
      "budget": 0.03,
      "delta_vs_budget_0pp": {
        "accuracy": -0.02451612903225797,
        "cost_ms": -3.1316706520839475,
        "speedup_ratio": 1.510497716426895
      },
      "floor": 0.8965655261459006,
      "holdout": {
        "accuracy": 0.9064516129032258,
        "expected_cost": 6.134543899634492,
        "macro_accuracy": 0.9030842401529721,
        "route_counts": {
          "K0": 25,
          "K3": 295,
          "K4": 684,
          "K6": 546
        },
        "worst_class_accuracy": 0.7983651226158038
      },
      "holdout_feasible": true,
      "holdout_speedup_vs_collection": 2.1064148035355665,
      "status": "ok",
      "thresholds": {
        "K0": 0.7988758683204651,
        "K3": 0.0,
        "K4": 0.7874713625226701,
        "K6": 0.0
      },
      "validation": {
        "accuracy": 0.8967075532601678,
        "expected_cost": 6.076004965894311,
        "macro_accuracy": 0.8933393256535836,
        "worst_class_accuracy": 0.808713410483322
      },
      "validation_feasible": true
    },
    "collection": {
      "annealed": false,
      "budget": null,
      "floor": null,
      "holdout": {
        "accuracy": 0.944516129032258,
        "expected_cost": 12.921894083128896,
        "macro_accuracy": 0.9424255879274062,
        "worst_class_accuracy": 0.896457765667575
      },
      "holdout_feasible": true,
      "holdout_speedup_vs_collection": 1.0,
      "status": "ok",
      "thresholds": {
        "K0": 0.95,
        "K3": 0.9,
        "K4": 0.95,
        "K6": 0.95
      },
      "validation": {
        "accuracy": 0.9265655261459006,
        "expected_cost": 13.271131929892624,
        "macro_accuracy": 0.9240513721703201,
        "worst_class_accuracy": 0.876786929884275
      }
    }
  },
  "detector_mode": "trained",
  "layout": {
    "detector": "detector",
    "expected_cost_dp": 13.271131929892626,
    "initial": [
      "K0",
      "K3",
      "detector"
    ],
    "specialized": {
      "K0:coupe": [
        "K6",
        "K3",
        "detector"
      ],
      "K0:suv": [
        "K4",
        "K3",
        "detector"
      ]
    }
  },
  "outcomes_path": "checkpoints/empirical_outcomes.pkl",
  "scene": "h24",
  "split": {
    "holdout_fraction": 0.2,
    "holdout_samples": 1550,
    "per_run": {
      "run1": {
        "holdout": 431,
        "validation": 1723
      },
      "run3": {
        "holdout": 382,
        "validation": 1526
      },
      "run5": {
        "holdout": 367,
        "validation": 1469
      },
      "run7": {
        "holdout": 370,
        "validation": 1478
      }
    },
    "random_seed": 0,
    "strategy": "blocked_per_run",
    "validation_samples": 6196
  },
  "status": "ok"
}
