{
  "baseline_micro_validation": 0.7274615802270957,
  "budgets": {
    "budget_0p5pp": {
      "anneal_feasible": true,
      "annealed": true,
      "baseline_micro_validation": 0.7274615802270957,
      "budget": 0.005,
      "delta_vs_budget_0pp": {
        "accuracy": -0.005571293673276689,
        "cost_ms": -55.442754709148176,
        "speedup_ratio": 1.0099668820073155
      },
      "floor": 0.7224615802270957,
      "holdout": {
        "accuracy": 0.7250236071765817,
        "expected_cost": 5562.698010115244,
        "macro_accuracy": 0.7232701004926578,
        "route_counts": {
          "K1": 74,
          "K3": 4585,
          "K4": 40,
          "K6": 28,
          "detector": 5863
        },
        "worst_class_accuracy": 0.6521394611727417
      },
      "holdout_feasible": true,
      "holdout_speedup_vs_collection": 1.0734474696048935,
      "status": "ok",
      "thresholds": {
        "K0": 1.0,
        "K1": 0.9420359171166711,
        "K2": 0.9999990463256836,
        "K3": 0.7624595238237964,
        "K4": 0.5298626228254668,
        "K6": 0.6674875361578805
      },
      "validation": {
        "accuracy": 0.722480583555629,
        "expected_cost": 4928.012400713311,
        "macro_accuracy": 0.7203155277418283,
        "worst_class_accuracy": 0.6196859440827269
      },
      "validation_feasible": true
    },
    "budget_0pp": {
      "anneal_feasible": true,
      "annealed": true,
      "baseline_micro_validation": 0.7274615802270957,
      "budget": 0.0,
      "delta_vs_budget_0pp": {
        "accuracy": 0.0,
        "cost_ms": 0.0,
        "speedup_ratio": 1.0
      },
      "floor": 0.7274615802270957,
      "holdout": {
        "accuracy": 0.7305949008498583,
        "expected_cost": 5618.140764824392,
        "macro_accuracy": 0.7288711691308436,
        "route_counts": {
          "K0": 8,
          "K1": 39,
          "K3": 4455,
          "K4": 145,
          "K6": 21,
          "detector": 5922
        },
        "worst_class_accuracy": 0.659270998415214
      },
      "holdout_feasible": true,
      "holdout_speedup_vs_collection": 1.0628541279209174,
      "status": "ok",
      "thresholds": {
        "K0": 0.999536292893546,
        "K1": 0.95,
        "K2": 0.9999990463256837,
        "K3": 0.7624595238237964,
        "K4": 0.0,
        "K6": 0.9999916553497314
      },
      "validation": {
        "accuracy": 0.7277212530393522,
        "expected_cost": 5012.526810447899,
        "macro_accuracy": 0.7256338176095908,
        "worst_class_accuracy": 0.6342397548831865
      },
      "validation_feasible": true
    },
    "budget_1pp": {
      "anneal_feasible": true,
      "annealed": true,
      "baseline_micro_validation": 0.7274615802270957,
      "budget": 0.01,
      "delta_vs_budget_0pp": {
        "accuracy": 0.00047214353163360645,
        "cost_ms": 58.54534905433775,
        "speedup_ratio": 0.9896867031433705
      },
      "floor": 0.7174615802270957,
      "holdout": {
        "accuracy": 0.731067044381492,
        "expected_cost": 5676.68611387873,
        "macro_accuracy": 0.7300565189014265,
        "route_counts": {
          "K0": 929,
          "K2": 7,
          "K3": 1074,
          "K4": 1957,
          "K6": 633,
          "detector": 5990
        },
        "worst_class_accuracy": 0.6725392569896591
      },
      "holdout_feasible": true,
      "holdout_speedup_vs_collection": 1.051892597784375,
      "status": "ok",
      "thresholds": {
        "K0": 0.95,
        "K1": 0.9716402486878997,
        "K2": 0.9985661056576943,
        "K3": 0.8875080298404304,
        "K4": 0.0,
        "K6": 0.0
      },
      "validation": {
        "accuracy": 0.717782866315715,
        "expected_cost": 4997.378088473582,
        "macro_accuracy": 0.7166820229609798,
        "worst_class_accuracy": 0.6299310608962083
      },
      "validation_feasible": true
    },
    "budget_2pp": {
      "anneal_feasible": true,
      "annealed": true,
      "baseline_micro_validation": 0.7274615802270957,
      "budget": 0.02,
      "delta_vs_budget_0pp": {
        "accuracy": -0.009915014164305958,
        "cost_ms": -95.44902207831365,
        "speedup_ratio": 1.0172830616888375
      },
      "floor": 0.7074615802270957,
      "holdout": {
        "accuracy": 0.7206798866855524,
        "expected_cost": 5522.6917427460785,
        "macro_accuracy": 0.719374708580767,
        "route_counts": {
          "K0": 724,
          "K2": 29,
          "K3": 1835,
          "K4": 1705,
          "K6": 471,
          "detector": 5826
        },
        "worst_class_accuracy": 0.6614324013787821
      },
      "holdout_feasible": true,
      "holdout_speedup_vs_collection": 1.08122350138001,
      "status": "ok",
      "thresholds": {
        "K0": 0.9635926789166975,
        "K1": 0.9716402486878997,
        "K2": 0.9950627295338378,
        "K3": 0.8315911852583593,
        "K4": 0.0,
        "K6": 0.8549750301302695
      },
      "validation": {
        "accuracy": 0.7075139869219329,
        "expected_cost": 4832.44224685333,
        "macro_accuracy": 0.7061029315076053,
        "worst_class_accuracy": 0.6129835312140942
      },
      "validation_feasible": true
    },
    "budget_3pp": {
      "anneal_feasible": true,
      "annealed": true,
      "baseline_micro_validation": 0.7274615802270957,
      "budget": 0.03,
      "delta_vs_budget_0pp": {
        "accuracy": -0.03427762039660054,
        "cost_ms": -427.4321030325091,
        "speedup_ratio": 1.0823456161542604
      },
      "floor": 0.6974615802270957,
      "holdout": {
        "accuracy": 0.6963172804532578,
        "expected_cost": 5190.708661791883,
        "macro_accuracy": 0.694694099442951,
        "route_counts": {
          "K0": 44,
          "K1": 152,
          "K3": 4567,
          "K4": 352,
          "K6": 5,
          "detector": 5470
        },
        "worst_class_accuracy": 0.6275752773375595
      },
      "holdout_feasible": false,
      "holdout_speedup_vs_collection": 1.1503755059666643,
      "status": "ok",
      "thresholds": {
        "K0": 0.998354861930925,
        "K1": 0.9247018098831177,
        "K2": 0.9999990463256837,
        "K3": 0.747425305600069,
        "K4": 0.0,
        "K6": 1.0
      },
      "validation": {
        "accuracy": 0.6985198649701376,
        "expected_cost": 4659.445735712435,
        "macro_accuracy": 0.6965437316711434,
        "worst_class_accuracy": 0.6111643048640367
      },
      "validation_feasible": true
    },
    "collection": {
      "annealed": false,
      "budget": null,
      "floor": null,
      "holdout": {
        "accuracy": 0.7398489140698773,
        "expected_cost": 5971.264103134385,
        "macro_accuracy": 0.7391888186096949,
        "worst_class_accuracy": 0.686710072769054
      },
      "holdout_feasible": true,
      "holdout_speedup_vs_collection": 1.0,
      "status": "ok",
      "thresholds": {
        "K0": 0.95,
        "K1": 0.95,
        "K2": 0.9,
        "K3": 0.9,
        "K4": 0.95,
        "K6": 0.95
      },
      "validation": {
        "accuracy": 0.7274615802270957,
        "expected_cost": 5288.102326980758,
        "macro_accuracy": 0.7263781409048031,
        "worst_class_accuracy": 0.6179624664879356
      }
    }
  },
  "detector_mode": "paper",
  "layout": {
    "detector": "detector",
    "expected_cost_dp": 5288.102326980758,
    "initial": [
      "K0",
      "K2",
      "K3",
      "K1",
      "detector"
    ],
    "specialized": {
      "K0:coupe": [
        "K6",
        "K2",
        "K3",
        "detector"
      ],
      "K0:suv": [
        "K4",
        "K3",
        "K2",
        "detector"
      ],
      "K1:coupe": [
        "K6",
        "detector"
      ],
      "K1:suv": [
        "K4",
        "detector"
      ]
    }
  },
  "outcomes_path": "checkpoints/empirical_outcomes_i29.pkl",
  "scene": "i29",
  "split": {
    "holdout_fraction": 0.2,
    "holdout_samples": 10590,