{
  "annealing": {
    "accuracy_gap": -0.0022803473625023774,
    "cost_gap_ms": -78.12519298510028,
    "holdout": {
      "accuracy": 0.967741935483871,
      "correct": 1500,
      "expected_cost": 854.8411504227545,
      "macro_accuracy": 0.9665978650199439,
      "per_class_accuracy": {
        "background": {
          "accuracy": null,
          "correct": 0,
          "total": 0
        },
        "cx30": {
          "accuracy": 0.9921465968586387,
          "correct": 379,
          "total": 382
        },
        "gle350": {
          "accuracy": 0.988399071925754,
          "correct": 426,
          "total": 431
        },
        "miata": {
          "accuracy": 0.9648648648648649,
          "correct": 357,
          "total": 370
        },
        "mustang": {
          "accuracy": 0.9209809264305178,
          "correct": 338,
          "total": 367
        }
      },
      "route_counts": {
        "K2": 20,
        "K3": 1386,
        "K6": 14,
        "detector": 130
      },
      "thresholds": {
        "K0": 1.0,
        "K1": 0.9767542878786722,
        "K2": 0.9,
        "K3": 0.8125271201133728,
        "K4": 1.0000000000000002,
        "K6": 0.0
      },
      "total": 1550,
      "worst_class_accuracy": 0.9209809264305178
    },
    "holdout_feasible": true,
    "validation": {
      "accuracy": 0.9654615881213686,
      "annealing_accepted_moves": 3716,
      "annealing_elapsed_seconds": 4.194750918002683,
      "annealing_evaluations": 7180,
      "annealing_iterations": 8000,
      "coordinate_descent_elapsed_seconds": 0.031255772002623416,
      "coordinate_descent_evaluations": 73,
      "coordinate_descent_passes": 1,
      "correct": 5982,
      "elapsed_seconds": 4.226006690005306,
      "evaluations": 7253,
      "expected_cost": 932.9663434078548,
      "feasible": true,
      "macro_accuracy": 0.9641308206134483,
      "method": "simulated_annealing_plus_coordinate_descent",
      "per_class_accuracy": {
        "background": {
          "accuracy": null,
          "correct": 0,
          "total": 0
        },
        "cx30": {
          "accuracy": 0.991480996068152,
          "correct": 1513,
          "total": 1526
        },
        "gle350": {
          "accuracy": 0.9912942542077772,
          "correct": 1708,
          "total": 1723
        },
        "miata": {
          "accuracy": 0.9404600811907984,
          "correct": 1390,
          "total": 1478
        },
        "mustang": {
          "accuracy": 0.9332879509870661,
          "correct": 1371,
          "total": 1469
        }
      },
      "route_counts": {
        "K2": 81,
        "K3": 5497,
        "K6": 50,
        "detector": 568
      },
      "target_accuracy": 0.9654615881213686,
      "thresholds": {
        "K0": 1.0,
        "K1": 0.9767542878786722,
        "K2": 0.9,
        "K3": 0.8125271201133728,
        "K4": 1.0000000000000002,
        "K6": 0.0
      },
      "total": 6196,
      "worst_class_accuracy": 0.9332879509870661
    }
  },
  "baseline": {
    "accuracy_gap": -0.0035706699431474753,
    "cost_gap_ms": -9.164963346136574,
    "holdout": {
      "accuracy": 0.9690322580645161,
      "correct": 1502,
      "expected_cost": 1268.7927718555352,
      "macro_accuracy": 0.9680146276604393,
      "per_class_accuracy": {
        "background": {
          "accuracy": null,
          "correct": 0,
          "total": 0
        },
        "cx30": {
          "accuracy": 0.9895287958115183,
          "correct": 378,
          "total": 382
        },
        "gle350": {
          "accuracy": 0.988399071925754,
          "correct": 426,
          "total": 431
        },
        "miata": {
          "accuracy": 0.9513513513513514,
          "correct": 352,
          "total": 370
        },
        "mustang": {
          "accuracy": 0.9427792915531336,
          "correct": 346,
          "total": 367
        }
      },
      "route_counts": {
        "K0": 8,
        "K2": 20,
        "K3": 462,
        "K4": 528,
        "K6": 337,
        "detector": 195
      },
      "thresholds": {
        "K0": 0.95,
        "K1": 0.95,
        "K2": 0.9,
        "K3": 0.9,
        "K4": 0.95,
        "K6": 0.95
      },
      "total": 1550,
      "worst_class_accuracy": 0.9427792915531336
    },
    "holdout_feasible": true,
    "validation": {
      "accuracy": 0.9654615881213686,
      "correct": 5982,
      "expected_cost": 1277.9577352016718,
      "macro_accuracy": 0.9642317120940487,
      "per_class_accuracy": {
        "background": {
          "accuracy": null,
          "correct": 0,
          "total": 0
        },
        "cx30": {
          "accuracy": 0.9868938401048493,
          "correct": 1506,
          "total": 1526
        },
        "gle350": {
          "accuracy": 0.9901334881021474,
          "correct": 1706,
          "total": 1723
        },
        "miata": {
          "accuracy": 0.9364005412719891,
          "correct": 1384,
          "total": 1478
        },
        "mustang": {
          "accuracy": 0.943498978897209,
          "correct": 1386,
          "total": 1469
        }
      },
      "route_counts": {
        "K0": 31,
        "K2": 98,
        "K3": 1958,
        "K4": 2076,
        "K6": 1248,
        "detector": 785
      },
      "thresholds": {
        "K0": 0.95,
        "K1": 0.95,
        "K2": 0.9,
        "K3": 0.9,
        "K4": 0.95,
        "K6": 0.95
      },
      "total": 6196,
      "worst_class_accuracy": 0.9364005412719891
    }
  },
  "detector": {
    "cost_ms": 10000.0,
    "id": "Kdet"
  },
  "detector_mode": "paper",
  "split": {
    "holdout_fraction": 0.2,
    "holdout_samples": 1550,
    "initial_layout": [
      "K0",
      "K3",
      "K2",
      "K1",
      "detector"
    ],
    "layout_source": "validation_dp",
    "per_run": {
      "run1": {
        "holdout": 431,
        "validation": 1723
      },
      "run3": {
        "holdout": 382,
        "validation": 1526
      },
      "run5": {
        "holdout": 367,
        "validation": 1469
      },
      "run7": {
        "holdout": 370,
        "validation": 1478
      }
    },
    "random_seed": 0,
    "specialized_layout": {
      "K0:coupe": [
        "K6",
        "K3",
        "K2",
        "detector"
      ],
      "K0:suv": [
        "K4",
        "K3",
        "K2",
        "detector"
      ],
      "K1:coupe": [
        "K6",
        "detector"
      ],
      "K1:suv": [
        "detector"
      ]
    },
    "strategy": "blocked_per_run",
    "validation_samples": 6196
  },
  "target_accuracy": 0.9654615881213686,
  "target_accuracy_source": "baseline_validation"
}
