{
  "runs": {
    "q100_blocked": {
      "annealing": {
        "accuracy_gap": -0.0016351860721797173,
        "cost_gap_ms": -66.88152297023203,
        "holdout_accuracy": 0.9670967741935483,
        "holdout_cost_ms": 705.2646163652696,
        "holdout_feasible": true,
        "holdout_macro_accuracy": 0.9659277125786743,
        "holdout_route_counts": {
          "K2": 4,
          "K3": 1317,
          "K4": 36,
          "K6": 86,
          "detector": 107
        },
        "holdout_speedup_vs_baseline": 1.7990308068970298,
        "holdout_worst_class_accuracy": 0.9237057220708447,
        "thresholds": {
          "K0": 0.9999598481438376,
          "K1": 0.9056182539824283,
          "K2": 0.9507496158281963,
          "K3": 0.7299271027247111,
          "K4": 0.9570943947994348,
          "K6": 0.9803916649384932
        },
        "validation_accuracy": 0.9654615881213686,
        "validation_cost_ms": 772.1461393355016
      },
      "baseline": {
        "accuracy_gap": -0.0035706699431474753,
        "cost_gap_ms": -9.164963346136574,
        "holdout_accuracy": 0.9690322580645161,
        "holdout_cost_ms": 1268.7927718555352,
        "holdout_feasible": true,
        "holdout_macro_accuracy": 0.9680146276604393,
        "holdout_route_counts": {
          "K0": 8,
          "K2": 20,
          "K3": 462,
          "K4": 528,
          "K6": 337,
          "detector": 195
        },
        "holdout_speedup_vs_baseline": 1.0,
        "holdout_worst_class_accuracy": 0.9427792915531336,
        "thresholds": {
          "K0": 0.95,
          "K1": 0.95,
          "K2": 0.9,
          "K3": 0.9,
          "K4": 0.95,
          "K6": 0.95
        },
        "validation_accuracy": 0.9654615881213686,
        "validation_cost_ms": 1277.9577352016718
      },
      "detector_mode": "paper",
      "quantile_points": 100,
      "report": "checkpoints/threshold_experiments/search_settings_h24/q100_blocked.json",
      "split": {
        "holdout_samples": 1550,
        "initial_layout": [
          "K0",
          "K3",
          "K2",
          "K1",
          "detector"
        ],
        "layout_source": "validation_dp",
        "specialized_layout": {
          "K0:coupe": [
            "K6",
            "K3",
            "K2",
            "detector"
          ],
          "K0:suv": [
            "K4",
            "K3",
            "K2",
            "detector"
          ],
          "K1:coupe": [
            "K6",
            "detector"
          ],
          "K1:suv": [
            "detector"
          ]
        },
        "strategy": "blocked_per_run",
        "validation_samples": 6196
      },
      "split_strategy": "blocked_per_run",
      "status": "ok",
      "target_accuracy": 0.9654615881213686,
      "target_accuracy_source": "baseline_validation"
    },
    "q10_blocked": {
      "annealing": {
        "accuracy_gap": -0.0022803473625023774,
        "cost_gap_ms": -78.12519298510028,
        "holdout_accuracy": 0.967741935483871,
        "holdout_cost_ms": 854.8411504227545,
        "holdout_feasible": true,
        "holdout_macro_accuracy": 0.9665978650199439,
        "holdout_route_counts": {
          "K2": 20,
          "K3": 1386,
          "K6": 14,
          "detector": 130
        },
        "holdout_speedup_vs_baseline": 1.4842439103780445,
        "holdout_worst_class_accuracy": 0.9209809264305178,
        "thresholds": {
          "K0": 1.0,
          "K1": 0.9767542878786722,
          "K2": 0.9,
          "K3": 0.8125271201133728,
          "K4": 1.0000000000000002,
          "K6": 0.0
        },
        "validation_accuracy": 0.9654615881213686,
        "validation_cost_ms": 932.9663434078548
      },
      "baseline": {
        "accuracy_gap": -0.0035706699431474753,
        "cost_gap_ms": -9.164963346136574,
        "holdout_accuracy": 0.9690322580645161,
        "holdout_cost_ms": 1268.7927718555352,
        "holdout_feasible": true,
        "holdout_macro_accuracy": 0.9680146276604393,
        "holdout_route_counts": {
          "K0": 8,
          "K2": 20,
          "K3": 462,
          "K4": 528,
          "K6": 337,
          "detector": 195
        },
        "holdout_speedup_vs_baseline": 1.0,
        "holdout_worst_class_accuracy": 0.9427792915531336,
        "thresholds": {
          "K0": 0.95,
          "K1": 0.95,
          "K2": 0.9,
          "K3": 0.9,
          "K4": 0.95,
          "K6": 0.95
        },
        "validation_accuracy": 0.9654615881213686,
        "validation_cost_ms": 1277.9577352016718
      },
      "detector_mode": "paper",
      "quantile_points": 10,
      "report": "checkpoints/threshold_experiments/search_settings_h24/q10_blocked.json",
      "split": {
        "holdout_samples": 1550,
        "initial_layout": [
          "K0",
          "K3",
          "K2",
          "K1",
          "detector"
        ],
        "layout_source": "validation_dp",
        "specialized_layout": {
          "K0:coupe": [
            "K6",
            "K3",
            "K2",
            "detector"
          ],
          "K0:suv": [
            "K4",
            "K3",
            "K2",
            "detector"
          ],
          "K1:coupe": [
            "K6",
            "detector"
          ],
          "K1:suv": [
            "detector"
          ]
        },
        "strategy": "blocked_per_run",
        "validation_samples": 6196
      },
      "split_strategy": "blocked_per_run",
      "status": "ok",
      "target_accuracy": 0.9654615881213686,
      "target_accuracy_source": "baseline_validation"
    },
    "q25_blocked": {
      "annealing": {
        "accuracy_gap": -0.0009900247818571684,
        "cost_gap_ms": -71.74336257378945,
        "holdout_accuracy": 0.9664516129032258,
        "holdout_cost_ms": 718.5179542640101,
        "holdout_feasible": true,
        "holdout_macro_accuracy": 0.9652520369029985,
        "holdout_route_counts": {
          "K2": 5,
          "K3": 1362,
          "K4": 20,
          "K6": 54,
          "detector": 109
        },
        "holdout_speedup_vs_baseline": 1.7658469970387598,
        "holdout_worst_class_accuracy": 0.9237057220708447,
        "thresholds": {
          "K0": 0.9999878257513046,
          "K1": 0.900048665702343,
          "K2": 0.9446657001972198,
          "K3": 0.7375355511903763,
          "K4": 0.0,
          "K6": 0.9812017008662224
        },
        "validation_accuracy": 0.9654615881213686,
        "validation_cost_ms": 790.2613168377995
      },
      "baseline": {
        "accuracy_gap": -0.0035706699431474753,
        "cost_gap_ms": -9.164963346136574,
        "holdout_accuracy": 0.9690322580645161,
        "holdout_cost_ms": 1268.7927718555352,
        "holdout_feasible": true,
        "holdout_macro_accuracy": 0.9680146276604393,
        "holdout_route_counts": {
          "K0": 8,
          "K2": 20,
          "K3": 462,
          "K4": 528,
          "K6": 337,
          "detector": 195
        },
        "holdout_speedup_vs_baseline": 1.0,
        "holdout_worst_class_accuracy": 0.9427792915531336,
        "thresholds": {
          "K0": 0.95,
          "K1": 0.95,
          "K2": 0.9,
          "K3": 0.9,
          "K4": 0.95,
          "K6": 0.95
        },
        "validation_accuracy": 0.9654615881213686,
        "validation_cost_ms": 1277.9577352016718
      },
      "detector_mode": "paper",
      "quantile_points": 25,
      "report": "checkpoints/threshold_experiments/search_settings_h24/q25_blocked.json",
      "split": {
        "holdout_samples": 1550,
        "initial_layout": [
          "K0",
          "K3",
          "K2",
          "K1",
          "detector"
        ],
        "layout_source": "validation_dp",
        "specialized_layout": {
          "K0:coupe": [
            "K6",
            "K3",
            "K2",
            "detector"
          ],
          "K0:suv": [
            "K4",
            "K3",
            "K2",
            "detector"
          ],