{
  "detector_mode": "paper",
  "methods": {
    "alternating_n2": {
      "baseline_holdout": {
        "accuracy": 0.9326407506702413,
        "expected_cost": 3178.6952502360673
      },
      "final_layout": {
        "detector": "detector",
        "expected_cost_dp": 2816.2432905428923,
        "initial": [
          "K3",
          "K1",
          "K2",
          "detector"
        ],
        "specialized": {
          "K1:coupe": [
            "K6",
            "K2",
            "detector"
          ],
          "K1:suv": [
            "K4",
            "detector"
          ]
        }
      },
      "final_thresholds": {
        "K1": 0.9743331889716946,
        "K2": 0.995337536140364,
        "K3": 0.7474969455174038,
        "K4": 0.6787068247795105,
        "K6": 0.95
      },
      "holdout_feasible": true,
      "holdout_speedup_vs_baseline_thresholds": 1.360142025632421,
      "iterations": [
        {
          "annealed_feasible": true,
          "annealed_validation_accuracy": 0.9070994764397906,
          "annealed_validation_cost_ms": 2818.2345086758087,
          "baseline_validation_accuracy": 0.9070994764397906,
          "baseline_validation_cost_ms": 3383.1691104226525,
          "layout": {
            "detector": "detector",
            "expected_cost_dp": 3383.169110422652,
            "initial": [
              "K0",
              "K3",
              "K2",
              "K1",
              "detector"
            ],
            "specialized": {
              "K0:coupe": [
                "K6",
                "K3",
                "K2",
                "detector"
              ],
              "K0:suv": [
                "K4",
                "K3",
                "K2",
                "detector"
              ],
              "K1:coupe": [
                "K6",
                "detector"
              ],
              "K1:suv": [
                "K4",
                "detector"
              ]
            }
          },
          "round": 1,
          "thresholds": {
            "K0": 1.0,
            "K1": 0.9743331889716946,
            "K2": 0.995337536140364,
            "K3": 0.7474969455174038,
            "K4": 0.6787068247795105,
            "K6": 0.95
          }
        },
        {
          "annealed_feasible": true,
          "annealed_validation_accuracy": 0.9070994764397906,
          "annealed_validation_cost_ms": 2816.2432905428923,
          "baseline_validation_accuracy": 0.9070994764397906,
          "baseline_validation_cost_ms": 2816.2432905428923,
          "layout": {
            "detector": "detector",
            "expected_cost_dp": 2816.2432905428923,
            "initial": [
              "K3",
              "K1",
              "K2",
              "detector"
            ],
            "specialized": {
              "K1:coupe": [
                "K6",
                "K2",
                "detector"
              ],
              "K1:suv": [
                "K4",
                "detector"
              ]
            }
          },
          "round": 2,
          "thresholds": {
            "K1": 0.9743331889716946,
            "K2": 0.995337536140364,
            "K3": 0.7474969455174038,
            "K4": 0.6787068247795105,
            "K6": 0.95
          }
        }
      ],
      "n_rounds": 2,
      "optimized_holdout": {
        "accuracy": 0.9153820375335121,
        "expected_cost": 2337.0318616234795,
        "macro_accuracy": 0.915116547824719,
        "route_counts": {
          "K1": 1,
          "K2": 3,
          "K3": 4557,
          "K4": 20,
          "K6": 2,
          "detector": 1385
        },
        "worst_class_accuracy": 0.8862068965517241
      },
      "target_accuracy": 0.9070994764397906,
      "target_accuracy_source": "round1_baseline_validation",
      "validation": {
        "accuracy": 0.9070994764397906,
        "expected_cost": 2816.2432905428923,
        "feasible": true
      }
    },
    "alternating_n3": {
      "baseline_holdout": {
        "accuracy": 0.9326407506702413,
        "expected_cost": 3178.6952502360673
      },
      "final_layout": {
        "detector": "detector",
        "expected_cost_dp": 2816.2432905428923,
        "initial": [
          "K3",
          "K1",
          "K2",
          "detector"
        ],
        "specialized": {
          "K1:coupe": [
            "K6",
            "K2",
            "detector"
          ],
          "K1:suv": [
            "K4",
            "detector"
          ]
        }
      },
      "final_thresholds": {
        "K1": 0.9697120359965733,
        "K2": 0.995337536140364,
        "K3": 0.7474969455174038,
        "K4": 0.7696540258368667,
        "K6": 0.935357539021239
      },
      "holdout_feasible": true,
      "holdout_speedup_vs_baseline_thresholds": 1.3620971747016806,
      "iterations": [
        {
          "annealed_feasible": true,
          "annealed_validation_accuracy": 0.9070994764397906,
          "annealed_validation_cost_ms": 2818.2345086758087,
          "baseline_validation_accuracy": 0.9070994764397906,
          "baseline_validation_cost_ms": 3383.1691104226525,
          "layout": {
            "detector": "detector",
            "expected_cost_dp": 3383.169110422652,
            "initial": [
              "K0",
              "K3",
              "K2",
              "K1",
              "detector"
            ],
            "specialized": {
              "K0:coupe": [
                "K6",
                "K3",
                "K2",
                "detector"
              ],
              "K0:suv": [
                "K4",
                "K3",
                "K2",
                "detector"
              ],
              "K1:coupe": [
                "K6",
                "detector"
              ],
              "K1:suv": [
                "K4",
                "detector"
              ]
            }
          },
          "round": 1,
          "thresholds": {
            "K0": 1.0,
            "K1": 0.9743331889716946,
            "K2": 0.995337536140364,
            "K3": 0.7474969455174038,
            "K4": 0.6787068247795105,
            "K6": 0.95
          }
        },
        {
          "annealed_feasible": true,
          "annealed_validation_accuracy": 0.9070994764397906,
          "annealed_validation_cost_ms": 2816.2432905428923,
          "baseline_validation_accuracy": 0.9070994764397906,
          "baseline_validation_cost_ms": 2816.2432905428923,
          "layout": {
            "detector": "detector",
            "expected_cost_dp": 2816.2432905428923,
            "initial": [
              "K3",
              "K1",
              "K2",
              "detector"
            ],
            "specialized": {
              "K1:coupe": [
                "K6",
                "K2",
                "detector"
              ],
              "K1:suv": [
                "K4",
                "detector"
              ]
            }
          },
          "round": 2,
          "thresholds": {
            "K1": 0.9743331889716946,
            "K2": 0.995337536140364,
            "K3": 0.7474969455174038,
            "K4": 0.6787068247795105,
            "K6": 0.95
          }
        },
        {
          "annealed_feasible": true,
          "annealed_validation_accuracy": 0.9070994764397906,
          "annealed_validation_cost_ms": 2813.305950143647,
          "baseline_validation_accuracy": 0.9070994764397906,
          "baseline_validation_cost_ms": 2816.2432905428923,
          "layout": {
            "detector": "detector",
            "expected_cost_dp": 2816.2432905428923,
            "initial": [
              "K3",
              "K1",
              "K2",
              "detector"
            ],
            "specialized": {
              "K1:coupe": [
                "K6",
                "K2",
                "detector"
              ],
              "K1:suv": [
                "K4",
                "detector"
              ]
            }
          },