{
  "detector_mode": "trained",
  "methods": {
    "alternating_n2": {
      "baseline_holdout": {
        "accuracy": 0.7806635388739946,
        "expected_cost": 23.263015474396582
      },
      "final_layout": {
        "detector": "detector",
        "expected_cost_dp": 12.42702262312853,
        "initial": [
          "K0",
          "K3",
          "detector"
        ],
        "specialized": {
          "K0:coupe": [
            "K6",
            "K3",
            "detector"
          ],
          "K0:suv": [
            "K3",
            "detector"
          ]
        }
      },
      "final_thresholds": {
        "K0": 0.7419269449856816,
        "K3": 0.0,
        "K6": 0.8176036963657457
      },
      "holdout_feasible": true,
      "holdout_speedup_vs_baseline_thresholds": 2.040100533602673,
      "iterations": [
        {
          "annealed_feasible": true,
          "annealed_validation_accuracy": 0.7249842931937173,
          "annealed_validation_cost_ms": 16.38362196200109,
          "baseline_validation_accuracy": 0.7249424083769633,
          "baseline_validation_cost_ms": 21.524061334046635,
          "layout": {
            "detector": "detector",
            "expected_cost_dp": 21.524061334046635,
            "initial": [
              "K0",
              "detector"
            ],
            "specialized": {
              "K0:coupe": [
                "K6",
                "K3",
                "detector"
              ],
              "K0:suv": [
                "K4",
                "K3",
                "detector"
              ]
            }
          },
          "round": 1,
          "thresholds": {
            "K0": 0.7419269449856816,
            "K3": 0.0,
            "K4": 0.9997279291250267,
            "K6": 0.9769513363740882
          }
        },
        {
          "annealed_feasible": true,
          "annealed_validation_accuracy": 0.7250680628272251,
          "annealed_validation_cost_ms": 11.746390807890096,
          "baseline_validation_accuracy": 0.7277905759162304,
          "baseline_validation_cost_ms": 12.427022623128527,
          "layout": {
            "detector": "detector",
            "expected_cost_dp": 12.42702262312853,
            "initial": [
              "K0",
              "K3",
              "detector"
            ],
            "specialized": {
              "K0:coupe": [
                "K6",
                "K3",
                "detector"
              ],
              "K0:suv": [
                "K3",
                "detector"
              ]
            }
          },
          "round": 2,
          "thresholds": {
            "K0": 0.7419269449856816,
            "K3": 0.0,
            "K6": 0.8176036963657457
          }
        }
      ],
      "n_rounds": 2,
      "optimized_holdout": {
        "accuracy": 0.7623994638069705,
        "expected_cost": 11.402877010828357,
        "macro_accuracy": 0.7616958531756111,
        "route_counts": {
          "K0": 342,
          "K3": 4204,
          "K6": 1422
        },
        "worst_class_accuracy": 0.7082758620689655
      },
      "target_accuracy": 0.7249424083769633,
      "target_accuracy_source": "round1_baseline_validation",
      "validation": {
        "accuracy": 0.7250680628272251,
        "expected_cost": 11.746390807890096,
        "feasible": true
      }
    },
    "alternating_n3": {
      "baseline_holdout": {
        "accuracy": 0.7806635388739946,
        "expected_cost": 23.263015474396582
      },
      "final_layout": {
        "detector": "detector",
        "expected_cost_dp": 11.746390807890098,
        "initial": [
          "K0",
          "K3",
          "detector"
        ],
        "specialized": {
          "K0:coupe": [
            "K6",
            "K3",
            "detector"
          ],
          "K0:suv": [
            "K3",
            "detector"
          ]
        }
      },
      "final_thresholds": {
        "K0": 0.7419269449856816,
        "K3": 0.0,
        "K6": 0.8176036963657457
      },
      "holdout_feasible": true,
      "holdout_speedup_vs_baseline_thresholds": 2.040100533602673,
      "iterations": [
        {
          "annealed_feasible": true,
          "annealed_validation_accuracy": 0.7249842931937173,
          "annealed_validation_cost_ms": 16.38362196200109,
          "baseline_validation_accuracy": 0.7249424083769633,
          "baseline_validation_cost_ms": 21.524061334046635,
          "layout": {
            "detector": "detector",
            "expected_cost_dp": 21.524061334046635,
            "initial": [
              "K0",
              "detector"
            ],
            "specialized": {
              "K0:coupe": [
                "K6",
                "K3",
                "detector"
              ],
              "K0:suv": [
                "K4",
                "K3",
                "detector"
              ]
            }
          },
          "round": 1,
          "thresholds": {
            "K0": 0.7419269449856816,
            "K3": 0.0,
            "K4": 0.9997279291250267,
            "K6": 0.9769513363740882
          }
        },
        {
          "annealed_feasible": true,
          "annealed_validation_accuracy": 0.7250680628272251,
          "annealed_validation_cost_ms": 11.746390807890096,
          "baseline_validation_accuracy": 0.7277905759162304,
          "baseline_validation_cost_ms": 12.427022623128527,
          "layout": {
            "detector": "detector",
            "expected_cost_dp": 12.42702262312853,
            "initial": [
              "K0",
              "K3",
              "detector"
            ],
            "specialized": {
              "K0:coupe": [
                "K6",
                "K3",
                "detector"
              ],
              "K0:suv": [
                "K3",
                "detector"
              ]
            }
          },
          "round": 2,
          "thresholds": {
            "K0": 0.7419269449856816,
            "K3": 0.0,
            "K6": 0.8176036963657457
          }
        },
        {
          "annealed_feasible": true,
          "annealed_validation_accuracy": 0.7250680628272251,
          "annealed_validation_cost_ms": 11.746390807890096,
          "baseline_validation_accuracy": 0.7250680628272251,
          "baseline_validation_cost_ms": 11.746390807890096,
          "layout": {
            "detector": "detector",
            "expected_cost_dp": 11.746390807890098,
            "initial": [
              "K0",
              "K3",
              "detector"
            ],
            "specialized": {
              "K0:coupe": [
                "K6",
                "K3",
                "detector"
              ],
              "K0:suv": [
                "K3",
                "detector"
              ]
            }
          },
          "round": 3,
          "thresholds": {
            "K0": 0.7419269449856816,
            "K3": 0.0,
            "K6": 0.8176036963657457
          }
        }
      ],
      "n_rounds": 3,
      "optimized_holdout": {
        "accuracy": 0.7623994638069705,
        "expected_cost": 11.402877010828357,
        "macro_accuracy": 0.7616958531756111,
        "route_counts": {
          "K0": 342,
          "K3": 4204,
          "K6": 1422
        },
        "worst_class_accuracy": 0.7082758620689655
      },
      "target_accuracy": 0.7249424083769633,
      "target_accuracy_source": "round1_baseline_validation",
      "validation": {
        "accuracy": 0.7250680628272251,
        "expected_cost": 11.746390807890096,
        "feasible": true
      }
    },
    "one_shot": {
      "baseline_holdout": {
        "accuracy": 0.7742962466487936,
        "expected_cost": 20.610792824000384
      },
      "final_layout": {
        "detector": "detector",
        "expected_cost_dp": 21.524061334046635,
        "initial": [
          "K0",
          "detector"
        ],