{
  "detector_mode": "paper",
  "methods": {
    "alternating_n2": {
      "baseline_holdout": {
        "accuracy": 0.7630783758262512,
        "expected_cost": 6454.96734239199
      },
      "final_layout": {
        "detector": "detector",
        "expected_cost_dp": 5060.468044449206,
        "initial": [
          "K0",
          "K3",
          "K2",
          "K1",
          "detector"
        ],
        "specialized": {
          "K0:coupe": [
            "K6",
            "K3",
            "K2",
            "detector"
          ],
          "K0:suv": [
            "K4",
            "detector"
          ],
          "K1:coupe": [
            "K6",
            "detector"
          ],
          "K1:suv": [
            "K4",
            "detector"
          ]
        }
      },
      "final_thresholds": {
        "K0": 1.0,
        "K1": 0.9517098993671184,
        "K2": 0.9999990463256837,
        "K3": 0.7624595238237964,
        "K4": 0.6983882188796997,
        "K6": 0.0
      },
      "holdout_feasible": true,
      "holdout_speedup_vs_baseline_thresholds": 1.1494908856402013,
      "iterations": [
        {
          "annealed_feasible": true,
          "annealed_validation_accuracy": 0.7274615802270957,
          "annealed_validation_cost_ms": 5061.989490778545,
          "baseline_validation_accuracy": 0.7274615802270957,
          "baseline_validation_cost_ms": 5288.102326980758,
          "layout": {
            "detector": "detector",
            "expected_cost_dp": 5288.102326980758,
            "initial": [
              "K0",
              "K2",
              "K3",
              "K1",
              "detector"
            ],
            "specialized": {
              "K0:coupe": [
                "K6",
                "K2",
                "K3",
                "detector"
              ],
              "K0:suv": [
                "K4",
                "K3",
                "K2",
                "detector"
              ],
              "K1:coupe": [
                "K6",
                "detector"
              ],
              "K1:suv": [
                "K4",
                "detector"
              ]
            }
          },
          "round": 1,
          "thresholds": {
            "K0": 0.9821714576409788,
            "K1": 0.9615768279348101,
            "K2": 0.9896456866848226,
            "K3": 0.8181291295557606,
            "K4": 0.0,
            "K6": 0.8699722046754798
          }
        },
        {
          "annealed_feasible": true,
          "annealed_validation_accuracy": 0.7274615802270957,
          "annealed_validation_cost_ms": 4986.570338503943,
          "baseline_validation_accuracy": 0.7275796133235759,
          "baseline_validation_cost_ms": 5060.468044449205,
          "layout": {
            "detector": "detector",
            "expected_cost_dp": 5060.468044449206,
            "initial": [
              "K0",
              "K3",
              "K2",
              "K1",
              "detector"
            ],
            "specialized": {
              "K0:coupe": [
                "K6",
                "K3",
                "K2",
                "detector"
              ],
              "K0:suv": [
                "K4",
                "detector"
              ],
              "K1:coupe": [
                "K6",
                "detector"
              ],
              "K1:suv": [
                "K4",
                "detector"
              ]
            }
          },
          "round": 2,
          "thresholds": {
            "K0": 1.0,
            "K1": 0.9517098993671184,
            "K2": 0.9999990463256837,
            "K3": 0.7624595238237964,
            "K4": 0.6983882188796997,
            "K6": 0.0
          }
        }
      ],
      "n_rounds": 2,
      "optimized_holdout": {
        "accuracy": 0.7303116147308781,
        "expected_cost": 5615.501108385856,
        "macro_accuracy": 0.7285559707601772,
        "route_counts": {
          "K1": 38,
          "K3": 4585,
          "K4": 18,
          "K6": 27,
          "detector": 5922
        },
        "worst_class_accuracy": 0.6588748019017433
      },
      "target_accuracy": 0.7274615802270957,
      "target_accuracy_source": "round1_baseline_validation",
      "validation": {
        "accuracy": 0.7274615802270957,
        "expected_cost": 4986.570338503943,
        "feasible": true
      }
    },
    "alternating_n3": {
      "baseline_holdout": {
        "accuracy": 0.8873465533522191,
        "expected_cost": 7680.55556439318
      },
      "final_layout": {
        "detector": "detector",
        "expected_cost_dp": 4981.184110856647,
        "initial": [
          "K3",
          "K1",
          "detector"
        ],
        "specialized": {
          "K1:coupe": [
            "K6",
            "detector"
          ],
          "K1:suv": [
            "K4",
            "detector"
          ]
        }
      },
      "final_thresholds": {
        "K1": 0.9517098993671184,
        "K3": 0.7624595238237964,
        "K4": 0.0,
        "K6": 0.732444525981436
      },
      "holdout_feasible": true,
      "holdout_speedup_vs_baseline_thresholds": 1.370070053154153,
      "iterations": [
        {
          "annealed_feasible": true,
          "annealed_validation_accuracy": 0.7274615802270957,
          "annealed_validation_cost_ms": 5061.989490778545,
          "baseline_validation_accuracy": 0.7274615802270957,
          "baseline_validation_cost_ms": 5288.102326980758,
          "layout": {
            "detector": "detector",
            "expected_cost_dp": 5288.102326980758,
            "initial": [
              "K0",
              "K2",
              "K3",
              "K1",
              "detector"
            ],
            "specialized": {
              "K0:coupe": [
                "K6",
                "K2",
                "K3",
                "detector"
              ],
              "K0:suv": [
                "K4",
                "K3",
                "K2",
                "detector"
              ],
              "K1:coupe": [
                "K6",
                "detector"
              ],
              "K1:suv": [
                "K4",
                "detector"
              ]
            }
          },
          "round": 1,
          "thresholds": {
            "K0": 0.9821714576409788,
            "K1": 0.9615768279348101,
            "K2": 0.9896456866848226,
            "K3": 0.8181291295557606,
            "K4": 0.0,
            "K6": 0.8699722046754798
          }
        },
        {
          "annealed_feasible": true,
          "annealed_validation_accuracy": 0.7274615802270957,
          "annealed_validation_cost_ms": 4986.570338503943,
          "baseline_validation_accuracy": 0.7275796133235759,
          "baseline_validation_cost_ms": 5060.468044449205,
          "layout": {
            "detector": "detector",
            "expected_cost_dp": 5060.468044449206,
            "initial": [
              "K0",
              "K3",
              "K2",
              "K1",
              "detector"
            ],
            "specialized": {
              "K0:coupe": [
                "K6",
                "K3",
                "K2",
                "detector"
              ],
              "K0:suv": [
                "K4",
                "detector"
              ],
              "K1:coupe": [
                "K6",
                "detector"
              ],
              "K1:suv": [
                "K4",
                "detector"
              ]
            }
          },
          "round": 2,
          "thresholds": {
            "K0": 1.0,
            "K1": 0.9517098993671184,
            "K2": 0.9999990463256837,
            "K3": 0.7624595238237964,
            "K4": 0.6983882188796997,
            "K6": 0.0
          }
        },
        {
          "annealed_feasible": true,
          "annealed_validation_accuracy": 0.7274615802270957,