{
  "annealing": {
    "accuracy_gap": 0.04588509987416717,
    "cost_gap_ms": -0.6187191810349892,
    "holdout": {
      "accuracy": 0.2612842304060434,
      "correct": 2767,
      "expected_cost": 5.961174688771544,
      "macro_accuracy": 0.2596105234971643,
      "per_class_accuracy": {
        "background": {
          "accuracy": null,
          "correct": 0,
          "total": 0
        },
        "cx30": {
          "accuracy": 0.4861940298507463,
          "correct": 1303,
          "total": 2680
        },
        "gle350": {
          "accuracy": 0.13748019017432647,
          "correct": 347,
          "total": 2524
        },
        "miata": {
          "accuracy": 0.20756756756756756,
          "correct": 576,
          "total": 2775
        },
        "mustang": {
          "accuracy": 0.20720030639601686,
          "correct": 541,
          "total": 2611
        }
      },
      "route_counts": {
        "K0": 3434,
        "K3": 2116,
        "K4": 3154,
        "K6": 1886
      },
      "thresholds": {
        "K0": 0.0,
        "K3": 0.0,
        "K4": 0.8981400728225708,
        "K6": 0.0
      },
      "total": 10590,
      "worst_class_accuracy": 0.13748019017432647
    },
    "holdout_feasible": false,
    "validation": {
      "accuracy": 0.3071693302802106,
      "annealing_accepted_moves": 2175,
      "annealing_elapsed_seconds": 19.79707187400345,
      "annealing_evaluations": 6744,
      "annealing_iterations": 8000,
      "coordinate_descent_elapsed_seconds": 1.1553529360026005,
      "coordinate_descent_evaluations": 417,
      "coordinate_descent_passes": 2,
      "correct": 13012,
      "elapsed_seconds": 20.95242481000605,
      "evaluations": 7161,
      "expected_cost": 6.579893869806534,
      "feasible": true,
      "macro_accuracy": 0.30523940410987155,
      "method": "simulated_annealing_plus_coordinate_descent",
      "passes": 2,
      "per_class_accuracy": {
        "background": {
          "accuracy": null,
          "correct": 0,
          "total": 0
        },
        "cx30": {
          "accuracy": 0.519921619856303,
          "correct": 5572,
          "total": 10717
        },
        "gle350": {
          "accuracy": 0.21645707495791663,
          "correct": 2186,
          "total": 10099
        },
        "miata": {
          "accuracy": 0.2938474011350329,
          "correct": 3262,
          "total": 11101
        },
        "mustang": {
          "accuracy": 0.19073152049023362,
          "correct": 1992,
          "total": 10444
        }
      },
      "route_counts": {
        "K0": 9286,
        "K3": 9827,
        "K4": 12720,
        "K6": 10528
      },
      "target_accuracy": 0.3067680177521777,
      "thresholds": {
        "K0": 0.0,
        "K3": 0.0,
        "K4": 0.8981400728225708,
        "K6": 0.0
      },
      "total": 42361,
      "worst_class_accuracy": 0.19073152049023362
    }
  },
  "baseline": {
    "accuracy_gap": 0.06521938696841945,
    "cost_gap_ms": 1.7097804386005322,
    "holdout": {
      "accuracy": 0.24154863078375827,
      "correct": 2558,
      "expected_cost": 31.448510436050512,
      "macro_accuracy": 0.24070702753001075,
      "per_class_accuracy": {
        "background": {
          "accuracy": null,
          "correct": 0,
          "total": 0
        },
        "cx30": {
          "accuracy": 0.31791044776119404,
          "correct": 852,
          "total": 2680
        },
        "gle350": {
          "accuracy": 0.1580824088748019,
          "correct": 399,
          "total": 2524
        },
        "miata": {
          "accuracy": 0.21873873873873872,
          "correct": 607,
          "total": 2775
        },
        "mustang": {
          "accuracy": 0.2680965147453083,
          "correct": 700,
          "total": 2611
        }
      },
      "route_counts": {
        "K0": 929,
        "K3": 1434,
        "K4": 713,
        "K6": 472,
        "Kdet": 7042
      },
      "thresholds": {
        "K0": 0.95,
        "K3": 0.9,
        "K4": 0.95,
        "K6": 0.95
      },
      "total": 10590,
      "worst_class_accuracy": 0.1580824088748019
    },
    "holdout_feasible": false,
    "validation": {
      "accuracy": 0.3067680177521777,
      "correct": 12995,
      "expected_cost": 29.73872999744998,
      "macro_accuracy": 0.30539943722022705,
      "per_class_accuracy": {
        "background": {
          "accuracy": null,
          "correct": 0,
          "total": 0
        },
        "cx30": {
          "accuracy": 0.4288513576560605,
          "correct": 4596,
          "total": 10717
        },
        "gle350": {
          "accuracy": 0.23071591246658085,
          "correct": 2330,
          "total": 10099
        },
        "miata": {
          "accuracy": 0.3031258445185118,
          "correct": 3365,
          "total": 11101
        },
        "mustang": {
          "accuracy": 0.2589046342397549,
          "correct": 2704,
          "total": 10444
        }
      },
      "route_counts": {
        "K0": 2084,
        "K3": 7535,
        "K4": 3881,
        "K6": 3185,
        "Kdet": 25676
      },
      "thresholds": {
        "K0": 0.95,
        "K3": 0.9,
        "K4": 0.95,
        "K6": 0.95
      },
      "total": 42361,
      "worst_class_accuracy": 0.23071591246658085
    }
  },
  "detector": {
    "cost_ms": 28.28079699887894,
    "id": "Kdet"
  },
  "detector_mode": "trained",
  "mode": "shared_h24_structure",
  "scene": "i29",
  "split": {
    "holdout_fraction": 0.2,
    "holdout_samples": 10590,
    "initial_layout": [
      "K0",
      "K3",
      "detector"
    ],
    "layout_source": "explicit",
    "per_run": {
      "run0": {
        "holdout": 654,
        "validation": 2618
      },
      "run1": {
        "holdout": 1957,
        "validation": 7826
      },
      "run2": {
        "holdout": 566,
        "validation": 2263
      },
      "run3": {
        "holdout": 2209,
        "validation": 8838
      },
      "run4": {
        "holdout": 638,
        "validation": 2553
      },
      "run5": {
        "holdout": 1886,
        "validation": 7546
      },
      "run6": {
        "holdout": 640,
        "validation": 2559
      },
      "run7": {
        "holdout": 2040,
        "validation": 8158
      }
    },
    "random_seed": 0,
    "specialized_layout": {
      "K0:coupe": [
        "K6",
        "K3",
        "detector"
      ],
      "K0:suv": [
        "K4",
        "K3",
        "detector"
      ]
    },
    "strategy": "blocked_per_run",
    "validation_samples": 42361
  },
  "target_accuracy": 0.3067680177521777,
  "target_accuracy_source": "baseline_validation"
}
