{
  "default_detector_cost_ms": 28.28079699887894,
  "detector_mode": "trained",
  "dp_layout_default_cost": {
    "detector": "detector",
    "expected_cost_dp": 28.211662879117128,
    "initial": [
      "K0",
      "detector"
    ],
    "specialized": {
      "K0:coupe": [
        "K6",
        "K3",
        "detector"
      ],
      "K0:suv": [
        "K4",
        "detector"
      ]
    }
  },
  "recipes": {
    "baseline_protect": {
      "anneal_feasible": true,
      "baseline_micro_validation": 0.3434957404039437,
      "budget": 0.0,
      "collection_holdout": {
        "accuracy": 0.32924961715160794,
        "expected_cost": 27.301226459563527,
        "macro_accuracy": 0.330069176663669,
        "worst_class_accuracy": 0.09268292682926829
      },
      "collection_validation": {
        "accuracy": 0.3434957404039437,
        "expected_cost": 28.211662879117128
      },
      "delta_vs_baseline_protect": {
        "accuracy": 0.0,
        "cost_ms": 0.0,
        "speedup": 1.0
      },
      "detector_mode": "trained",
      "floor": 0.3434957404039437,
      "holdout": {
        "accuracy": 0.34245788667687593,
        "expected_cost": 9.457754673765697,
        "macro_accuracy": 0.34089092684197336,
        "route_counts": {
          "K0": 6,
          "K4": 4104,
          "K6": 63,
          "Kdet": 1051
        },
        "worst_class_accuracy": 0.07398373983739838
      },
      "holdout_feasible": false,
      "holdout_speedup_vs_collection": 2.886649886922186,
      "layout": {
        "detector": "detector",
        "expected_cost_dp": 0.0,
        "initial": [
          "K0",
          "detector"
        ],
        "specialized": {
          "K0:coupe": [
            "K6",
            "K3",
            "detector"
          ],
          "K0:suv": [
            "K4",
            "detector"
          ]
        }
      },
      "recipe": "baseline_protect",
      "requested_detector_cost_ms": 28.28079699887894,
      "thresholds": {
        "K0": 0.8588543461293591,
        "K3": 1.0000000000000002,
        "K4": 0.0,
        "K6": 0.0
      },
      "validation": {
        "accuracy": 0.3439264860725567,
        "expected_cost": 10.05794992372829,
        "feasible": true,
        "macro_accuracy": 0.3399650319099988,
        "worst_class_accuracy": 0.0684959349593496
      }
    },
    "budget_only_2pp": {
      "anneal_feasible": true,
      "baseline_micro_validation": 0.3434957404039437,
      "budget": 0.02,
      "collection_holdout": {
        "accuracy": 0.32924961715160794,
        "expected_cost": 27.301226459563527,
        "macro_accuracy": 0.330069176663669,
        "worst_class_accuracy": 0.09268292682926829
      },
      "collection_validation": {
        "accuracy": 0.3434957404039437,
        "expected_cost": 28.211662879117128
      },
      "delta_vs_baseline_protect": {
        "accuracy": -0.014548238897396593,
        "cost_ms": -2.7907567460081104,
        "speedup": 1.4185927123794335
      },
      "detector_mode": "trained",
      "floor": 0.3234957404039437,
      "holdout": {
        "accuracy": 0.32790964777947934,
        "expected_cost": 6.666997927757587,
        "macro_accuracy": 0.3263360168578695,
        "route_counts": {
          "K0": 16,
          "K4": 4550,
          "K6": 165,
          "Kdet": 493
        },
        "worst_class_accuracy": 0.08211382113821138
      },
      "holdout_feasible": true,
      "holdout_speedup_vs_collection": 4.0949804927787286,
      "layout": {
        "detector": "detector",
        "expected_cost_dp": 0.0,
        "initial": [
          "K0",
          "detector"
        ],
        "specialized": {
          "K0:coupe": [
            "K6",
            "K3",
            "detector"
          ],
          "K0:suv": [
            "K4",
            "detector"
          ]
        }
      },
      "recipe": "budget_only_2pp",
      "requested_detector_cost_ms": 28.28079699887894,
      "thresholds": {
        "K0": 0.7075248470111769,
        "K3": 0.9722662568092346,
        "K4": 0.0,
        "K6": 0.0
      },
      "validation": {
        "accuracy": 0.3251651191729683,
        "expected_cost": 6.851607136217367,
        "feasible": true,
        "macro_accuracy": 0.3207389483401413,
        "worst_class_accuracy": 0.07113821138211382
      }
    },
    "budget_only_3pp": {
      "anneal_feasible": true,
      "baseline_micro_validation": 0.3434957404039437,
      "budget": 0.03,
      "collection_holdout": {
        "accuracy": 0.32924961715160794,
        "expected_cost": 27.301226459563527,
        "macro_accuracy": 0.330069176663669,
        "worst_class_accuracy": 0.09268292682926829
      },
      "collection_validation": {
        "accuracy": 0.3434957404039437,
        "expected_cost": 28.211662879117128
      },
      "delta_vs_baseline_protect": {
        "accuracy": -0.024693721286370596,
        "cost_ms": -4.744618582960843,
        "speedup": 2.006679733313326
      },
      "detector_mode": "trained",
      "floor": 0.3134957404039437,
      "holdout": {
        "accuracy": 0.31776416539050534,
        "expected_cost": 4.713136090804854,
        "macro_accuracy": 0.3160204752853204,
        "route_counts": {
          "K0": 27,
          "K3": 30,
          "K4": 4808,
          "K6": 270,
          "Kdet": 89
        },
        "worst_class_accuracy": 0.0943089430894309
      },
      "holdout_feasible": true,
      "holdout_speedup_vs_collection": 5.7925818252579555,
      "layout": {
        "detector": "detector",
        "expected_cost_dp": 0.0,
        "initial": [
          "K0",
          "detector"
        ],
        "specialized": {
          "K0:coupe": [
            "K6",
            "K3",
            "detector"
          ],
          "K0:suv": [
            "K4",
            "detector"
          ]
        }
      },
      "recipe": "budget_only_3pp",
      "requested_detector_cost_ms": 28.28079699887894,
      "thresholds": {
        "K0": 0.5384169975105597,
        "K3": 0.0,
        "K4": 0.0,
        "K6": 0.6295056245764907
      },
      "validation": {
        "accuracy": 0.3135828467502632,
        "expected_cost": 4.791273896104172,
        "feasible": true,
        "macro_accuracy": 0.309046752771823,
        "worst_class_accuracy": 0.08114929139972821
      }
    },
    "collection": {
      "annealed": false,
      "budget": null,
      "floor": null,
      "holdout": {
        "accuracy": 0.32924961715160794,
        "expected_cost": 27.301226459563527,
        "macro_accuracy": 0.330069176663669,
        "worst_class_accuracy": 0.09268292682926829
      },
      "holdout_feasible": true,
      "holdout_speedup_vs_collection": 1.0,
      "layout": {
        "detector": "detector",
        "expected_cost_dp": 0.0,
        "initial": [
          "K0",
          "detector"
        ],
        "specialized": {
          "K0:coupe": [
            "K6",
            "K3",
            "detector"
          ],
          "K0:suv": [
            "K4",
            "detector"
          ]
        }
      },
      "recipe": "collection",
      "thresholds": null,
      "validation": {
        "accuracy": 0.3434957404039437,
        "expected_cost": 28.211662879117128
      }
    },
    "order_only": {
      "anneal_feasible": true,
      "baseline_micro_validation": 0.3434957404039437,
      "budget": 0.0,
      "collection_holdout": {
        "accuracy": 0.32924961715160794,
        "expected_cost": 27.301226459563527,
        "macro_accuracy": 0.330069176663669,
        "worst_class_accuracy": 0.09268292682926829
      },
      "collection_validation": {
        "accuracy": 0.3434957404039437,
        "expected_cost": 28.211662879117128
      },
      "delta_vs_baseline_protect": {
        "accuracy": 0.0,
        "cost_ms": 0.0,
        "speedup": 1.0
      },
      "detector_mode": "trained",
      "floor": 0.3434957404039437,
      "holdout": {
        "accuracy": 0.34245788667687593,