{
  "detector_mode": "trained",
  "layout": {
    "detector": "detector",
    "expected_cost_dp": 21.524061334046635,
    "initial": [
      "K0",
      "detector"
    ],
    "specialized": {
      "K0:coupe": [
        "K6",
        "K3",
        "detector"
      ],
      "K0:suv": [
        "K4",
        "K3",
        "detector"
      ]
    }
  },
  "methods": {
    "collection": {
      "delta_acc_vs_joint": 0.011729222520107219,
      "delta_cost_vs_joint_ms": 4.629283023429972,
      "holdout": {
        "accuracy": 0.7742962466487936,
        "expected_cost": 20.610792824000384,
        "macro_accuracy": 0.7727619039447213,
        "route_counts": {
          "K0": 96,
          "K3": 637,
          "K4": 1161,
          "K6": 841,
          "Kdet": 3233
        },
        "worst_class_accuracy": 0.6737931034482758
      },
      "holdout_feasible": true,
      "holdout_speedup_vs_collection": 1.0,
      "method": "collection",
      "thresholds": {
        "K0": 0.95,
        "K3": 0.9,
        "K4": 0.95,
        "K6": 0.95
      },
      "validation": {
        "accuracy": 0.7249424083769633,
        "expected_cost": 21.524061334046635
      }
    },
    "indep_p_idk_fixed": {
      "delta_acc_vs_joint": -0.061829758713136784,
      "delta_cost_vs_joint_ms": -8.4181310343908,
      "holdout": {
        "accuracy": 0.7007372654155496,
        "expected_cost": 7.5633787661796115,
        "macro_accuracy": 0.6995878021911811,
        "route_counts": {
          "K0": 449,
          "K3": 384,
          "K4": 2799,
          "K6": 1723,
          "Kdet": 613
        },
        "worst_class_accuracy": 0.6381270903010033
      },
      "holdout_feasible": false,
      "holdout_speedup_vs_collection": 2.725077437105697,
      "method": "indep_p_idk_fixed",
      "thresholds": {
        "K0": 0.6103036880493165,
        "K3": 0.5329433798789978,
        "K4": 0.6482582092285156,
        "K6": 0.6601690471172332
      },
      "validation": {
        "accuracy": 0.659979057591623,
        "expected_cost": 7.869144911196105
      }
    },
    "indep_p_idk_match": {
      "delta_acc_vs_joint": 0.011729222520107219,
      "delta_cost_vs_joint_ms": 4.629283023429972,
      "holdout": {
        "accuracy": 0.7742962466487936,
        "expected_cost": 20.610792824000384,
        "macro_accuracy": 0.7727619039447213,
        "route_counts": {
          "K0": 96,
          "K3": 637,
          "K4": 1161,
          "K6": 841,
          "Kdet": 3233
        },
        "worst_class_accuracy": 0.6737931034482758
      },
      "holdout_feasible": true,
      "holdout_speedup_vs_collection": 1.0,
      "method": "indep_p_idk_match",
      "thresholds": {
        "K0": 0.9499952748658146,
        "K3": 0.8999980819487446,
        "K4": 0.9499953727445626,
        "K6": 0.9499928677234662
      },
      "validation": {
        "accuracy": 0.7249424083769633,
        "expected_cost": 21.524061334046635
      }
    },
    "indep_precision": {
      "delta_acc_vs_joint": 0.015583109919571014,
      "delta_cost_vs_joint_ms": 8.37771935446595,
      "holdout": {
        "accuracy": 0.7781501340482574,
        "expected_cost": 24.359229155036363,
        "macro_accuracy": 0.776616103202812,
        "route_counts": {
          "K0": 23,
          "K3": 941,
          "K4": 396,
          "K6": 545,
          "Kdet": 4063
        },
        "worst_class_accuracy": 0.6696551724137931
      },
      "holdout_feasible": true,
      "holdout_speedup_vs_collection": 0.8461184339135389,
      "method": "indep_precision",
      "thresholds": {
        "K0": 0.9892439842224121,
        "K3": 0.8075355887413025,
        "K4": 0.9962461590766907,
        "K6": 0.9726799726486206
      },
      "validation": {
        "accuracy": 0.7312251308900524,
        "expected_cost": 24.896362834646315
      }
    },
    "indep_precision_match": {
      "delta_acc_vs_joint": 0.011729222520107219,
      "delta_cost_vs_joint_ms": 4.602998762037599,
      "holdout": {
        "accuracy": 0.7742962466487936,
        "expected_cost": 20.58450856260801,
        "macro_accuracy": 0.7727619039447213,
        "route_counts": {
          "K0": 96,
          "K3": 637,
          "K4": 1163,
          "K6": 845,
          "Kdet": 3227
        },
        "worst_class_accuracy": 0.6737931034482758
      },
      "holdout_feasible": true,
      "holdout_speedup_vs_collection": 1.0012768952589968,
      "method": "indep_precision_match",
      "thresholds": {
        "K0": 0.9495618343353271,
        "K3": 0.8999924063682556,
        "K4": 0.9500013589859009,
        "K6": 0.9485352039337158
      },
      "validation": {
        "accuracy": 0.7249424083769633,
        "expected_cost": 21.50211130506409
      }
    },
    "joint_anneal": {
      "anneal_validation_feasible": true,
      "delta_acc_vs_joint": 0.0,
      "delta_cost_vs_joint_ms": 0.0,
      "holdout": {
        "accuracy": 0.7625670241286864,
        "expected_cost": 15.981509800570413,
        "macro_accuracy": 0.7613944830070032,
        "route_counts": {
          "K0": 271,
          "K3": 2149,
          "K4": 670,
          "K6": 1241,
          "Kdet": 1637
        },
        "worst_class_accuracy": 0.6827586206896552
      },
      "holdout_feasible": true,
      "holdout_speedup_vs_collection": 1.2896649366172364,
      "method": "joint_anneal",
      "thresholds": {
        "K0": 0.8068992605014723,
        "K3": 0.5125768926678872,
        "K4": 0.9946682757260848,
        "K6": 0.9013307362186666
      },
      "validation": {
        "accuracy": 0.7250261780104712,
        "expected_cost": 16.66848426602543
      }
    }
  },
  "outcomes_path": "checkpoints/empirical_outcomes_h08.pkl",
  "scene": "h08",
  "split": {
    "holdout_fraction": 0.2,
    "holdout_samples": 5968,
    "per_run": {
      "run0": {
        "holdout": 1123,
        "validation": 4493
      },
      "run1": {
        "holdout": 426,
        "validation": 1704
      },
      "run2": {
        "holdout": 1115,
        "validation": 4459
      },
      "run3": {
        "holdout": 380,
        "validation": 1522
      },
      "run4": {
        "holdout": 1102,
        "validation": 4406
      },
      "run5": {
        "holdout": 372,
        "validation": 1487
      },
      "run6": {
        "holdout": 1088,
        "validation": 4354
      },
      "run7": {
        "holdout": 362,
        "validation": 1450
      }
    },
    "random_seed": 0,
    "strategy": "blocked_per_run",
    "validation_samples": 23875
  },
  "status": "ok",
  "target_accuracy": 0.7249424083769633,
  "target_accuracy_source": "collection_validation",
  "tunable_ids": [
    "K0",
    "K6",
    "K3",
    "K4"
  ]
}
