{
  "detector_mode": "paper",
  "layout": {
    "detector": "detector",
    "expected_cost_dp": 5288.102326980758,
    "initial": [
      "K0",
      "K2",
      "K3",
      "K1",
      "detector"
    ],
    "specialized": {
      "K0:coupe": [
        "K6",
        "K2",
        "K3",
        "detector"
      ],
      "K0:suv": [
        "K4",
        "K3",
        "K2",
        "detector"
      ],
      "K1:coupe": [
        "K6",
        "detector"
      ],
      "K1:suv": [
        "K4",
        "detector"
      ]
    }
  },
  "methods": {
    "collection": {
      "delta_acc_vs_joint": 0.0007554296506138147,
      "delta_cost_vs_joint_ms": 232.3402795850743,
      "holdout": {
        "accuracy": 0.7398489140698773,
        "expected_cost": 5971.264103134385,
        "macro_accuracy": 0.7391888186096949,
        "route_counts": {
          "K0": 929,
          "K1": 10,
          "K2": 957,
          "K3": 1208,
          "K4": 713,
          "K6": 472,
          "detector": 6301
        },
        "worst_class_accuracy": 0.686710072769054
      },
      "holdout_feasible": true,
      "holdout_speedup_vs_collection": 1.0,
      "method": "collection",
      "thresholds": {
        "K0": 0.95,
        "K1": 0.95,
        "K2": 0.9,
        "K3": 0.9,
        "K4": 0.95,
        "K6": 0.95
      },
      "validation": {
        "accuracy": 0.7274615802270957,
        "expected_cost": 5288.102326980758
      }
    },
    "indep_p_idk_fixed": {
      "delta_acc_vs_joint": -0.48791312559017946,
      "delta_cost_vs_joint_ms": -5703.54388773263,
      "holdout": {
        "accuracy": 0.251180358829084,
        "expected_cost": 35.37993581668113,
        "macro_accuracy": 0.25027060654362315,
        "route_counts": {
          "K0": 3009,
          "K1": 48,
          "K2": 1173,
          "K3": 648,
          "K4": 4210,
          "K6": 1470,
          "detector": 32
        },
        "worst_class_accuracy": 0.1774960380348653
      },
      "holdout_feasible": false,
      "holdout_speedup_vs_collection": 168.7754362832682,
      "method": "indep_p_idk_fixed",
      "thresholds": {
        "K0": 0.5672056674957275,
        "K1": 0.5351201295852661,
        "K2": 0.45653778314590454,
        "K3": 0.4799154996871948,
        "K4": 0.6406160593032837,
        "K6": 0.6171167254447937
      },
      "validation": {
        "accuracy": 0.2948230683883761,
        "expected_cost": 34.37380770413401
      }
    },
    "indep_p_idk_match": {
      "delta_acc_vs_joint": 0.0007554296506138147,
      "delta_cost_vs_joint_ms": 232.3402795850743,
      "holdout": {
        "accuracy": 0.7398489140698773,
        "expected_cost": 5971.264103134385,
        "macro_accuracy": 0.7391888186096949,
        "route_counts": {
          "K0": 929,
          "K1": 10,
          "K2": 957,
          "K3": 1208,
          "K4": 713,
          "K6": 472,
          "detector": 6301
        },
        "worst_class_accuracy": 0.686710072769054
      },
      "holdout_feasible": true,
      "holdout_speedup_vs_collection": 1.0,
      "method": "indep_p_idk_match",
      "thresholds": {
        "K0": 0.9500011134152146,
        "K1": 0.9499952321051311,
        "K2": 0.8999893759263394,
        "K3": 0.899995018318336,
        "K4": 0.9499945859786275,
        "K6": 0.9500023479969603
      },
      "validation": {
        "accuracy": 0.7274615802270957,
        "expected_cost": 5288.102326980758
      }
    },
    "indep_precision": {
      "delta_acc_vs_joint": 0.25760151085930116,
      "delta_cost_vs_joint_ms": 3964.179104586259,
      "holdout": {
        "accuracy": 0.9966949952785646,
        "expected_cost": 9703.10292813557,
        "macro_accuracy": 0.9966582267339821,
        "route_counts": {
          "K0": 1,
          "K1": 4,
          "K2": 8,
          "K3": 330,
          "K4": 3,
          "detector": 10244
        },
        "worst_class_accuracy": 0.9896591344312524
      },
      "holdout_feasible": true,
      "holdout_speedup_vs_collection": 0.6153973782778114,
      "method": "indep_precision",
      "thresholds": {
        "K0": 0.9999697208404541,
        "K1": 0.9892235994338989,
        "K2": 0.9999680519104004,
        "K3": 0.9977186918258667,
        "K4": 0.999962329864502,
        "K6": 1.0000000000000002
      },
      "validation": {
        "accuracy": 0.9944760510847241,
        "expected_cost": 9520.928849783339
      }
    },
    "indep_precision_match": {
      "delta_acc_vs_joint": -0.0033994334277620553,
      "delta_cost_vs_joint_ms": 164.1154729953405,
      "holdout": {
        "accuracy": 0.7356940509915014,
        "expected_cost": 5903.039296544651,
        "macro_accuracy": 0.735050190372001,
        "route_counts": {
          "K0": 929,
          "K1": 9,
          "K2": 941,
          "K3": 1158,
          "K4": 738,
          "K6": 586,
          "detector": 6229
        },
        "worst_class_accuracy": 0.6794331673688242
      },
      "holdout_feasible": true,
      "holdout_speedup_vs_collection": 1.0115575728302655,
      "method": "indep_precision_match",
      "thresholds": {
        "K0": 0.9500039219856262,
        "K1": 0.9498437643051147,
        "K2": 0.8989924192428589,
        "K3": 0.8999387621879578,
        "K4": 0.9466479420661926,
        "K6": 0.6965962648391724
      },
      "validation": {
        "accuracy": 0.7217251717381554,
        "expected_cost": 5191.226307771946
      }
    },
    "joint_anneal": {
      "anneal_validation_feasible": true,
      "delta_acc_vs_joint": 0.0,
      "delta_cost_vs_joint_ms": 0.0,
      "holdout": {
        "accuracy": 0.7390934844192635,
        "expected_cost": 5738.92382354931,
        "macro_accuracy": 0.7374047487076563,
        "route_counts": {
          "K0": 104,
          "K1": 28,
          "K2": 173,
          "K3": 3734,
          "K4": 227,
          "K6": 273,
          "detector": 6051
        },
        "worst_class_accuracy": 0.6715530903328051
      },
      "holdout_feasible": true,
      "holdout_speedup_vs_collection": 1.0404849910416445,
      "method": "joint_anneal",
      "thresholds": {
        "K0": 0.9960715527437171,
        "K1": 0.9517098993671184,
        "K2": 0.9896456866848226,
        "K3": 0.7764108229656609,
        "K4": 0.9364873450629565,
        "K6": 0.6674875361578805
      },
      "validation": {
        "accuracy": 0.727603219942872,
        "expected_cost": 5026.538184453555
      }
    }
  },
  "outcomes_path": "checkpoints/empirical_outcomes_i29.pkl",
  "scene": "i29",
  "split": {
    "holdout_fraction": 0.2,
    "holdout_samples": 10590,
    "per_run": {
      "run0": {
        "holdout": 654,
        "validation": 2618
      },
      "run1": {
        "holdout": 1957,
        "validation": 7826
      },
      "run2": {
        "holdout": 566,
        "validation": 2263
      },
      "run3": {
        "holdout": 2209,
        "validation": 8838
      },
      "run4": {
        "holdout": 638,
        "validation": 2553
      },
      "run5": {
        "holdout": 1886,
        "validation": 7546
      },
      "run6": {
        "holdout": 640,
        "validation": 2559
      },
      "run7": {
        "holdout": 2040,
        "validation": 8158
      }
    },
    "random_seed": 0,
    "strategy": "blocked_per_run",
    "validation_samples": 42361
  },
  "status": "ok",
  "target_accuracy": 0.7274615802270957,
  "target_accuracy_source": "collection_validation",
  "tunable_ids": [
    "K0",
    "K2",
    "K3",
    "K1",
    "K6",
    "K4"
  ]
}
