{
  "annealing": {
    "accuracy_gap": -0.0001698486716841252,
    "cost_gap_ms": 46.22336680833314,
    "holdout": {
      "accuracy": 0.7880952380952381,
      "correct": 3972,
      "expected_cost": 4134.599323254263,
      "macro_accuracy": 0.7880334199721176,
      "per_class_accuracy": {
        "background": {
          "accuracy": null,
          "correct": 0,
          "total": 0
        },
        "cx30": {
          "accuracy": 0.8068181818181818,
          "correct": 994,
          "total": 1232
        },
        "gle350": {
          "accuracy": 0.7903703703703704,
          "correct": 1067,
          "total": 1350
        },
        "miata": {
          "accuracy": 0.7747163695299838,
          "correct": 956,
          "total": 1234
        },
        "mustang": {
          "accuracy": 0.7802287581699346,
          "correct": 955,
          "total": 1224
        }
      },
      "route_counts": {
        "K0": 3,
        "K1": 1,
        "K2": 378,
        "K3": 2556,
        "K4": 10,
        "K6": 19,
        "detector": 2073
      },
      "thresholds": {
        "K0": 0.9999543744690564,
        "K1": 0.9261660235268728,
        "K2": 0.8997702172824315,
        "K3": 0.8265112091083916,
        "K4": 0.0,
        "K6": 1.0
      },
      "total": 5040,
      "worst_class_accuracy": 0.7747163695299838
    },
    "holdout_feasible": true,
    "validation": {
      "accuracy": 0.787925389423554,
      "annealing_accepted_moves": 2567,
      "annealing_elapsed_seconds": 14.325211458002741,
      "annealing_evaluations": 7234,
      "annealing_iterations": 8000,
      "coordinate_descent_elapsed_seconds": 1.1335498619955615,
      "coordinate_descent_evaluations": 625,
      "coordinate_descent_passes": 2,
      "correct": 15883,
      "elapsed_seconds": 15.458761319998302,
      "evaluations": 7859,
      "expected_cost": 4088.37595644593,
      "feasible": true,
      "macro_accuracy": 0.7877605974745193,
      "method": "simulated_annealing_plus_coordinate_descent",
      "passes": 2,
      "per_class_accuracy": {
        "background": {
          "accuracy": null,
          "correct": 0,
          "total": 0
        },
        "cx30": {
          "accuracy": 0.7877435064935064,
          "correct": 3882,
          "total": 4928
        },
        "gle350": {
          "accuracy": 0.7939977769544275,
          "correct": 4286,
          "total": 5398
        },
        "miata": {
          "accuracy": 0.7925445705024311,
          "correct": 3912,
          "total": 4936
        },
        "mustang": {
          "accuracy": 0.7767565359477124,
          "correct": 3803,
          "total": 4896
        }
      },
      "route_counts": {
        "K0": 3,
        "K1": 7,
        "K2": 1652,
        "K3": 10219,
        "K4": 30,
        "K6": 49,
        "detector": 8198
      },
      "target_accuracy": 0.787925389423554,
      "thresholds": {
        "K0": 0.9999543744690564,
        "K1": 0.9261660235268728,
        "K2": 0.8997702172824315,
        "K3": 0.8265112091083916,
        "K4": 0.0,
        "K6": 1.0
      },
      "total": 20158,
      "worst_class_accuracy": 0.7767565359477124
    }
  },
  "baseline": {
    "accuracy_gap": -0.003741277243112684,
    "cost_gap_ms": 43.16194115574399,
    "holdout": {
      "accuracy": 0.7916666666666666,
      "correct": 3990,
      "expected_cost": 4513.2529451390665,
      "macro_accuracy": 0.7914248098720522,
      "per_class_accuracy": {
        "background": {
          "accuracy": null,
          "correct": 0,
          "total": 0
        },
        "cx30": {
          "accuracy": 0.8027597402597403,
          "correct": 989,
          "total": 1232
        },
        "gle350": {
          "accuracy": 0.8007407407407408,
          "correct": 1081,
          "total": 1350
        },
        "miata": {
          "accuracy": 0.786871961102107,
          "correct": 971,
          "total": 1234
        },
        "mustang": {
          "accuracy": 0.7753267973856209,
          "correct": 949,
          "total": 1224
        }
      },
      "route_counts": {
        "K0": 205,
        "K2": 266,
        "K3": 1357,
        "K4": 567,
        "K6": 380,
        "detector": 2265
      },
      "thresholds": {
        "K0": 0.95,
        "K1": 0.95,
        "K2": 0.9,
        "K3": 0.9,
        "K4": 0.95,
        "K6": 0.95
      },
      "total": 5040,
      "worst_class_accuracy": 0.7753267973856209
    },
    "holdout_feasible": true,
    "validation": {
      "accuracy": 0.787925389423554,
      "correct": 15883,
      "expected_cost": 4470.0910039833225,
      "macro_accuracy": 0.7877202150191204,
      "per_class_accuracy": {
        "background": {
          "accuracy": null,
          "correct": 0,
          "total": 0
        },
        "cx30": {
          "accuracy": 0.7765827922077922,
          "correct": 3827,
          "total": 4928
        },
        "gle350": {
          "accuracy": 0.7965913301222675,
          "correct": 4300,
          "total": 5398
        },
        "miata": {
          "accuracy": 0.7886952998379254,
          "correct": 3893,
          "total": 4936
        },
        "mustang": {
          "accuracy": 0.7890114379084967,
          "correct": 3863,
          "total": 4896
        }
      },
      "route_counts": {
        "K0": 977,
        "K1": 2,
        "K2": 1268,
        "K3": 5327,
        "K4": 2020,
        "K6": 1592,
        "detector": 8972
      },
      "thresholds": {
        "K0": 0.95,
        "K1": 0.95,
        "K2": 0.9,
        "K3": 0.9,
        "K4": 0.95,
        "K6": 0.95
      },
      "total": 20158,
      "worst_class_accuracy": 0.7765827922077922
    }
  },
  "detector": {
    "cost_ms": 10000.0,
    "id": "Kdet"
  },
  "detector_mode": "paper",
  "split": {
    "holdout_fraction": 0.2,
    "holdout_samples": 5040,
    "initial_layout": [
      "K0",
      "K3",
      "K2",
      "K1",
      "detector"
    ],
    "layout_source": "explicit",
    "per_run": {
      "run0": {
        "holdout": 983,
        "validation": 3930
      },
      "run1": {
        "holdout": 367,
        "validation": 1468
      },
      "run2": {
        "holdout": 907,
        "validation": 3628
      },
      "run3": {
        "holdout": 317,
        "validation": 1268
      },
      "run4": {
        "holdout": 919,
        "validation": 3676
      },
      "run5": {
        "holdout": 315,
        "validation": 1260
      },
      "run6": {
        "holdout": 923,
        "validation": 3692
      },
      "run7": {
        "holdout": 309,
        "validation": 1236
      }
    },
    "random_seed": 0,
    "specialized_layout": {
      "K0:coupe": [
        "K6",
        "K3",
        "K2",
        "detector"
      ],
      "K0:suv": [
        "K4",
        "K3",
        "K2",
        "detector"
      ],
      "K1:coupe": [
        "K6",
        "detector"
      ],
      "K1:suv": [
        "detector"
      ]
    },
    "strategy": "blocked_per_run",
    "validation_samples": 20158
  },
  "target_accuracy": 0.787925389423554,
  "target_accuracy_source": "baseline_validation"
}
