{
  "frozen_layout": {
    "initial": [
      "K0",
      "K3",
      "K2",
      "K1",
      "detector"
    ],
    "specialized": {
      "K0:coupe": [
        "K6",
        "K3",
        "K2",
        "detector"
      ],
      "K0:suv": [
        "K4",
        "K3",
        "K2",
        "detector"
      ],
      "K1:coupe": [
        "K6",
        "detector"
      ],
      "K1:suv": [
        "detector"
      ]
    }
  },
  "frozen_thresholds": {
    "K0": 0.9992000460624695,
    "K1": 0.9365274906158447,
    "K2": 0.9396532348224095,
    "K3": 0.7307737725121635,
    "K4": 0.9588181291307721,
    "K6": 0.9994381581033979
  },
  "retune_thresholds_on_frozen_layout": {
    "a06": {
      "annealing": {
        "accuracy_gap": 0.09473311725443867,
        "cost_gap_ms": -932.6159135897215,
        "holdout_accuracy": 0.6768759571209801,
        "holdout_cost_ms": 3925.075132121672,
        "holdout_feasible": false,
        "holdout_macro_accuracy": 0.6813043046562308,
        "holdout_route_counts": {
          "K1": 2,
          "K2": 201,
          "K3": 2578,
          "K4": 399,
          "K6": 4,
          "detector": 2040
        },
        "holdout_speedup_vs_baseline": 0.9610167062558231,
        "holdout_worst_class_accuracy": 0.5156878519710378,
        "thresholds": {
          "K0": 0.9963662746001263,
          "K1": 0.9628890436522815,
          "K2": 0.861106590348847,
          "K3": 0.9,
          "K4": 0.891723455214987,
          "K6": 0.8460039374779682
        },
        "validation_accuracy": 0.7716090743754188,
        "validation_cost_ms": 4857.691045711394
      },
      "baseline": {
        "accuracy_gap": 0.1242124434412687,
        "cost_gap_ms": -1300.7033263347394,
        "holdout_accuracy": 0.6473966309341501,
        "holdout_cost_ms": 3772.0627752782093,
        "holdout_feasible": false,
        "holdout_macro_accuracy": 0.6505520992292991,
        "holdout_route_counts": {
          "K0": 1,
          "K1": 5,
          "K2": 77,
          "K3": 2375,
          "K4": 791,
          "K6": 14,
          "detector": 1961
        },
        "holdout_speedup_vs_baseline": 1.0,
        "holdout_worst_class_accuracy": 0.5502815768302494,
        "thresholds": {
          "K0": 0.95,
          "K1": 0.95,
          "K2": 0.9,
          "K3": 0.9,
          "K4": 0.95,
          "K6": 0.95
        },
        "validation_accuracy": 0.7716090743754188,
        "validation_cost_ms": 5072.766101612949
      },
      "detector_mode": "paper",
      "report": "checkpoints/threshold_experiments/transfer_h24_layout/retune_a06.json",
      "split": {
        "holdout_samples": 5224,
        "initial_layout": [
          "K0",
          "K3",
          "K2",
          "K1",
          "detector"
        ],
        "layout_source": "explicit",
        "specialized_layout": {
          "K0:coupe": [
            "K6",
            "K3",
            "K2",
            "detector"
          ],
          "K0:suv": [
            "K4",
            "K3",
            "K2",
            "detector"
          ],
          "K1:coupe": [
            "K6",
            "detector"
          ],
          "K1:suv": [
            "detector"
          ]
        },
        "strategy": "blocked_per_run",
        "validation_samples": 20894
      },
      "status": "ok",
      "target_accuracy": 0.7716090743754188,
      "target_accuracy_source": "baseline_validation"
    },
    "h08": {
      "annealing": {
        "accuracy_gap": -0.007444759485142338,
        "cost_gap_ms": -496.36181786640645,
        "holdout_accuracy": 0.914544235924933,
        "holdout_cost_ms": 2355.677974468451,
        "holdout_feasible": true,
        "holdout_macro_accuracy": 0.9142560063006138,
        "holdout_route_counts": {
          "K0": 27,
          "K2": 1,
          "K3": 4296,
          "K4": 245,
          "K6": 4,
          "detector": 1395
        },
        "holdout_speedup_vs_baseline": 1.2478376062169336,
        "holdout_worst_class_accuracy": 0.8848275862068965,
        "thresholds": {
          "K0": 0.9874880557157555,
          "K1": 0.9874766858256593,
          "K2": 0.9995218369425559,
          "K3": 0.7474969455174038,
          "K4": 0.9991138480147537,
          "K6": 1.0
        },
        "validation_accuracy": 0.9070994764397906,
        "validation_cost_ms": 2852.0397923348573
      },
      "baseline": {
        "accuracy_gap": -0.008617681737153049,
        "cost_gap_ms": -444.50286273715847,
        "holdout_accuracy": 0.9157171581769437,
        "holdout_cost_ms": 2939.503564678667,
        "holdout_feasible": true,
        "holdout_macro_accuracy": 0.9151799759061607,
        "holdout_route_counts": {
          "K0": 96,
          "K1": 1,
          "K2": 255,
          "K3": 1868,
          "K4": 1161,
          "K6": 842,
          "detector": 1745
        },
        "holdout_speedup_vs_baseline": 1.0,
        "holdout_worst_class_accuracy": 0.8744827586206897,
        "thresholds": {
          "K0": 0.95,
          "K1": 0.95,
          "K2": 0.9,
          "K3": 0.9,
          "K4": 0.95,
          "K6": 0.95
        },
        "validation_accuracy": 0.9070994764397906,
        "validation_cost_ms": 3384.0064274158253
      },
      "detector_mode": "paper",
      "report": "checkpoints/threshold_experiments/transfer_h24_layout/retune_h08.json",
      "split": {
        "holdout_samples": 5968,
        "initial_layout": [
          "K0",
          "K3",
          "K2",
          "K1",
          "detector"
        ],
        "layout_source": "explicit",
        "specialized_layout": {
          "K0:coupe": [
            "K6",
            "K3",
            "K2",
            "detector"
          ],
          "K0:suv": [
            "K4",
            "K3",
            "K2",
            "detector"
          ],
          "K1:coupe": [
            "K6",
            "detector"
          ],
          "K1:suv": [
            "detector"
          ]
        },
        "strategy": "blocked_per_run",
        "validation_samples": 23875
      },
      "status": "ok",
      "target_accuracy": 0.9070994764397906,
      "target_accuracy_source": "baseline_validation"
    },
    "h24": {
      "annealing": {
        "accuracy_gap": -0.0016351860721797173,
        "cost_gap_ms": -82.97885384158235,
        "holdout_accuracy": 0.9670967741935483,
        "holdout_cost_ms": 697.6040755889691,
        "holdout_feasible": true,
        "holdout_macro_accuracy": 0.9659332358130803,
        "holdout_route_counts": {
          "K2": 6,
          "K3": 1128,
          "K4": 213,
          "K6": 97,
          "detector": 106
        },
        "holdout_speedup_vs_baseline": 1.8187863521071408,
        "holdout_worst_class_accuracy": 0.9264305177111717,
        "thresholds": {
          "K0": 0.9992000460624695,
          "K1": 0.9365274906158447,
          "K2": 0.9396532348224095,
          "K3": 0.7307737725121635,
          "K4": 0.9588181291307721,
          "K6": 0.9994381581033979
        },
        "validation_accuracy": 0.9654615881213686,
        "validation_cost_ms": 780.5829294305514
      },
      "baseline": {
        "accuracy_gap": -0.0035706699431474753,
        "cost_gap_ms": -9.164963346136574,
        "holdout_accuracy": 0.9690322580645161,
        "holdout_cost_ms": 1268.7927718555352,
        "holdout_feasible": true,
        "holdout_macro_accuracy": 0.9680146276604393,
        "holdout_route_counts": {
          "K0": 8,
          "K2": 20,
          "K3": 462,
          "K4": 528,
          "K6": 337,
          "detector": 195
        },
        "holdout_speedup_vs_baseline": 1.0,
        "holdout_worst_class_accuracy": 0.9427792915531336,
        "thresholds": {
          "K0": 0.95,
          "K1": 0.95,
          "K2": 0.9,
          "K3": 0.9,
          "K4": 0.95,
          "K6": 0.95
        },
        "validation_accuracy": 0.9654615881213686,
        "validation_cost_ms": 1277.9577352016718
      },
      "detector_mode": "paper",