{
  "annealing": {
    "accuracy_gap": -0.011490264476391454,
    "cost_gap_ms": 712.3856390957553,
    "holdout": {
      "accuracy": 0.7390934844192635,
      "correct": 7827,
      "expected_cost": 5738.92382354931,
      "macro_accuracy": 0.7374047487076563,
      "per_class_accuracy": {
        "background": {
          "accuracy": null,
          "correct": 0,
          "total": 0
        },
        "cx30": {
          "accuracy": 0.8238805970149253,
          "correct": 2208,
          "total": 2680
        },
        "gle350": {
          "accuracy": 0.6715530903328051,
          "correct": 1695,
          "total": 2524
        },
        "miata": {
          "accuracy": 0.7751351351351351,
          "correct": 2151,
          "total": 2775
        },
        "mustang": {
          "accuracy": 0.6790501723477594,
          "correct": 1773,
          "total": 2611
        }
      },
      "route_counts": {
        "K0": 104,
        "K1": 28,
        "K2": 173,
        "K3": 3734,
        "K4": 227,
        "K6": 273,
        "detector": 6051
      },
      "thresholds": {
        "K0": 0.9960715527437171,
        "K1": 0.9517098993671184,
        "K2": 0.9896456866848226,
        "K3": 0.7764108229656609,
        "K4": 0.9364873450629565,
        "K6": 0.6674875361578805
      },
      "total": 10590,
      "worst_class_accuracy": 0.6715530903328051
    },
    "holdout_feasible": true,
    "validation": {
      "accuracy": 0.727603219942872,
      "annealing_accepted_moves": 1242,
      "annealing_elapsed_seconds": 29.555733860004693,
      "annealing_evaluations": 7190,
      "annealing_iterations": 8000,
      "coordinate_descent_elapsed_seconds": 1.2226866470009554,
      "coordinate_descent_evaluations": 313,
      "coordinate_descent_passes": 1,
      "correct": 30822,
      "elapsed_seconds": 30.77842050700565,
      "evaluations": 7503,
      "expected_cost": 5026.538184453555,
      "feasible": true,
      "macro_accuracy": 0.7255377376665938,
      "method": "simulated_annealing_plus_coordinate_descent",
      "per_class_accuracy": {
        "background": {
          "accuracy": null,
          "correct": 0,
          "total": 0
        },
        "cx30": {
          "accuracy": 0.8423066156573668,
          "correct": 9027,
          "total": 10717
        },
        "gle350": {
          "accuracy": 0.6673928111694227,
          "correct": 6740,
          "total": 10099
        },
        "miata": {
          "accuracy": 0.7796594901360238,
          "correct": 8655,
          "total": 11101
        },
        "mustang": {
          "accuracy": 0.6127920337035618,
          "correct": 6400,
          "total": 10444
        }
      },
      "route_counts": {
        "K0": 184,
        "K1": 142,
        "K2": 1145,
        "K3": 16254,
        "K4": 1581,
        "K6": 1863,
        "detector": 21192
      },
      "target_accuracy": 0.7274615802270957,
      "thresholds": {
        "K0": 0.9960715527437171,
        "K1": 0.9517098993671184,
        "K2": 0.9896456866848226,
        "K3": 0.7764108229656609,
        "K4": 0.9364873450629565,
        "K6": 0.6674875361578805
      },
      "total": 42361,
      "worst_class_accuracy": 0.6127920337035618
    }
  },
  "baseline": {
    "accuracy_gap": -0.012387333842781567,
    "cost_gap_ms": 683.1617761536263,
    "holdout": {
      "accuracy": 0.7398489140698773,
      "correct": 7835,
      "expected_cost": 5971.264103134385,
      "macro_accuracy": 0.7391888186096949,
      "per_class_accuracy": {
        "background": {
          "accuracy": null,
          "correct": 0,
          "total": 0
        },
        "cx30": {
          "accuracy": 0.7925373134328358,
          "correct": 2124,
          "total": 2680
        },
        "gle350": {
          "accuracy": 0.7254358161648178,
          "correct": 1831,
          "total": 2524
        },
        "miata": {
          "accuracy": 0.752072072072072,
          "correct": 2087,
          "total": 2775
        },
        "mustang": {
          "accuracy": 0.686710072769054,
          "correct": 1793,
          "total": 2611
        }
      },
      "route_counts": {
        "K0": 929,
        "K1": 10,
        "K2": 957,
        "K3": 1208,
        "K4": 713,
        "K6": 472,
        "detector": 6301
      },
      "thresholds": {
        "K0": 0.95,
        "K1": 0.95,
        "K2": 0.9,
        "K3": 0.9,
        "K4": 0.95,
        "K6": 0.95
      },
      "total": 10590,
      "worst_class_accuracy": 0.686710072769054
    },
    "holdout_feasible": true,
    "validation": {
      "accuracy": 0.7274615802270957,
      "correct": 30816,
      "expected_cost": 5288.102326980758,
      "macro_accuracy": 0.7263781409048031,
      "per_class_accuracy": {
        "background": {
          "accuracy": null,
          "correct": 0,
          "total": 0
        },
        "cx30": {
          "accuracy": 0.7987309881496687,
          "correct": 8560,
          "total": 10717
        },
        "gle350": {
          "accuracy": 0.7239330626794732,
          "correct": 7311,
          "total": 10099
        },
        "miata": {
          "accuracy": 0.764886046302135,
          "correct": 8491,
          "total": 11101
        },
        "mustang": {
          "accuracy": 0.6179624664879356,
          "correct": 6454,
          "total": 10444
        }
      },
      "route_counts": {
        "K0": 2084,
        "K1": 113,
        "K2": 4490,
        "K3": 6272,
        "K4": 3884,
        "K6": 3203,
        "detector": 22315
      },
      "thresholds": {
        "K0": 0.95,
        "K1": 0.95,
        "K2": 0.9,
        "K3": 0.9,
        "K4": 0.95,
        "K6": 0.95
      },
      "total": 42361,
      "worst_class_accuracy": 0.6179624664879356
    }
  },
  "detector": {
    "cost_ms": 10000.0,
    "id": "Kdet"
  },
  "detector_mode": "paper",
  "split": {
    "holdout_fraction": 0.2,
    "holdout_samples": 10590,
    "initial_layout": [
      "K0",
      "K2",
      "K3",
      "K1",
      "detector"
    ],
    "layout_source": "validation_dp",
    "per_run": {
      "run0": {
        "holdout": 654,
        "validation": 2618
      },
      "run1": {
        "holdout": 1957,
        "validation": 7826
      },
      "run2": {
        "holdout": 566,
        "validation": 2263
      },
      "run3": {
        "holdout": 2209,
        "validation": 8838
      },
      "run4": {
        "holdout": 638,
        "validation": 2553
      },
      "run5": {
        "holdout": 1886,
        "validation": 7546
      },
      "run6": {
        "holdout": 640,
        "validation": 2559
      },
      "run7": {
        "holdout": 2040,
        "validation": 8158
      }
    },
    "random_seed": 0,
    "specialized_layout": {
      "K0:coupe": [
        "K6",
        "K2",
        "K3",
        "detector"
      ],
      "K0:suv": [
        "K4",
        "K3",
        "K2",
        "detector"
      ],
      "K1:coupe": [
        "K6",
        "detector"
      ],
      "K1:suv": [
        "K4",
        "detector"
      ]
    },
    "strategy": "blocked_per_run",
    "validation_samples": 42361
  },
  "target_accuracy": 0.7274615802270957,
  "target_accuracy_source": "baseline_validation"
}
