{
  "runs": {
    "a06": {
      "annealing": {
        "accuracy_gap": 0.0014685993956807808,
        "cost_gap_ms": -0.6001952499625922,
        "holdout_accuracy": 0.34245788667687593,
        "holdout_cost_ms": 9.457754673765697,
        "holdout_feasible": false,
        "holdout_macro_accuracy": 0.34089092684197336,
        "holdout_route_counts": {
          "K0": 6,
          "K4": 4104,
          "K6": 63,
          "Kdet": 1051
        },
        "holdout_speedup_vs_baseline": 2.886649886922186,
        "holdout_worst_class_accuracy": 0.07398373983739838,
        "thresholds": {
          "K0": 0.8588543461293591,
          "K3": 0.9214253656718195,
          "K4": 0.0,
          "K6": 0.0
        },
        "validation_accuracy": 0.3439264860725567,
        "validation_cost_ms": 10.05794992372829
      },
      "baseline": {
        "accuracy_gap": 0.014246123252335763,
        "cost_gap_ms": -0.9104364195536014,
        "holdout_accuracy": 0.32924961715160794,
        "holdout_cost_ms": 27.301226459563527,
        "holdout_feasible": false,
        "holdout_macro_accuracy": 0.330069176663669,
        "holdout_route_counts": {
          "K0": 1,
          "K3": 4,
          "K4": 791,
          "K6": 10,
          "Kdet": 4418
        },
        "holdout_speedup_vs_baseline": 1.0,
        "holdout_worst_class_accuracy": 0.09268292682926829,
        "thresholds": {
          "K0": 0.95,
          "K3": 0.9,
          "K4": 0.95,
          "K6": 0.95
        },
        "validation_accuracy": 0.3434957404039437,
        "validation_cost_ms": 28.211662879117128
      },
      "detector_mode": "trained",
      "report": "checkpoints/threshold_experiments/scenes_trained_baseline_target/a06.json",
      "split": {
        "holdout_samples": 5224,
        "initial_layout": [
          "K0",
          "detector"
        ],
        "layout_source": "validation_dp",
        "specialized_layout": {
          "K0:coupe": [
            "K6",
            "K3",
            "detector"
          ],
          "K0:suv": [
            "K4",
            "detector"
          ]
        },
        "strategy": "blocked_per_run",
        "validation_samples": 20894
      },
      "status": "ok",
      "target_accuracy": 0.3434957404039437,
      "target_accuracy_source": "baseline_validation"
    },
    "h08": {
      "annealing": {
        "accuracy_gap": -0.037540846118215176,
        "cost_gap_ms": -0.6869744654550178,
        "holdout_accuracy": 0.7625670241286864,
        "holdout_cost_ms": 15.981509800570413,
        "holdout_feasible": true,
        "holdout_macro_accuracy": 0.7613944830070032,
        "holdout_route_counts": {
          "K0": 271,
          "K3": 2149,
          "K4": 670,
          "K6": 1241,
          "Kdet": 1637
        },
        "holdout_speedup_vs_baseline": 1.2896649366172364,
        "holdout_worst_class_accuracy": 0.6827586206896552,
        "thresholds": {
          "K0": 0.8068992605014723,
          "K3": 0.5125768926678872,
          "K4": 0.9946682757260848,
          "K6": 0.9013307362186666
        },
        "validation_accuracy": 0.7250261780104712,
        "validation_cost_ms": 16.66848426602543
      },
      "baseline": {
        "accuracy_gap": -0.049353838271830264,
        "cost_gap_ms": -0.913268510046251,
        "holdout_accuracy": 0.7742962466487936,
        "holdout_cost_ms": 20.610792824000384,
        "holdout_feasible": true,
        "holdout_macro_accuracy": 0.7727619039447213,
        "holdout_route_counts": {
          "K0": 96,
          "K3": 637,
          "K4": 1161,
          "K6": 841,
          "Kdet": 3233
        },
        "holdout_speedup_vs_baseline": 1.0,
        "holdout_worst_class_accuracy": 0.6737931034482758,
        "thresholds": {
          "K0": 0.95,
          "K3": 0.9,
          "K4": 0.95,
          "K6": 0.95
        },
        "validation_accuracy": 0.7249424083769633,
        "validation_cost_ms": 21.524061334046635
      },
      "detector_mode": "trained",
      "report": "checkpoints/threshold_experiments/scenes_trained_baseline_target/h08.json",
      "split": {
        "holdout_samples": 5968,
        "initial_layout": [
          "K0",
          "detector"
        ],
        "layout_source": "validation_dp",
        "specialized_layout": {
          "K0:coupe": [
            "K6",
            "K3",
            "detector"
          ],
          "K0:suv": [
            "K4",
            "K3",
            "detector"
          ]
        },
        "strategy": "blocked_per_run",
        "validation_samples": 23875
      },
      "status": "ok",
      "target_accuracy": 0.7249424083769633,
      "target_accuracy_source": "baseline_validation"
    },
    "h24": {
      "annealing": {
        "accuracy_gap": -0.005692538370228428,
        "cost_gap_ms": -0.4214690246489763,
        "holdout_accuracy": 0.932258064516129,
        "holdout_cost_ms": 8.82849887473351,
        "holdout_feasible": true,
        "holdout_macro_accuracy": 0.9298554656310541,
        "holdout_route_counts": {
          "K0": 13,
          "K3": 501,
          "K4": 573,
          "K6": 418,
          "Kdet": 45
        },
        "holdout_speedup_vs_baseline": 1.4636569893111013,
        "holdout_worst_class_accuracy": 0.8555858310626703,
        "thresholds": {
          "K0": 0.90748188325337,
          "K3": 0.6029707193374634,
          "K4": 0.9303704925945827,
          "K6": 0.8820360813822065
        },
        "validation_accuracy": 0.9265655261459006,
        "validation_cost_ms": 9.249967899382487
      },
      "baseline": {
        "accuracy_gap": -0.017950602886357414,
        "cost_gap_ms": -0.34923784676372804,
        "holdout_accuracy": 0.944516129032258,
        "holdout_cost_ms": 12.921894083128896,
        "holdout_feasible": true,
        "holdout_macro_accuracy": 0.9424255879274062,
        "holdout_route_counts": {
          "K0": 8,
          "K3": 462,
          "K4": 528,
          "K6": 335,
          "Kdet": 217
        },
        "holdout_speedup_vs_baseline": 1.0,
        "holdout_worst_class_accuracy": 0.896457765667575,
        "thresholds": {
          "K0": 0.95,
          "K3": 0.9,
          "K4": 0.95,
          "K6": 0.95
        },
        "validation_accuracy": 0.9265655261459006,
        "validation_cost_ms": 13.271131929892624
      },
      "detector_mode": "trained",
      "report": "checkpoints/threshold_experiments/scenes_trained_baseline_target/h24.json",
      "split": {
        "holdout_samples": 1550,
        "initial_layout": [
          "K0",
          "K3",
          "detector"
        ],
        "layout_source": "validation_dp",
        "specialized_layout": {
          "K0:coupe": [
            "K6",
            "K3",
            "detector"
          ],
          "K0:suv": [
            "K4",
            "K3",
            "detector"
          ]
        },
        "strategy": "blocked_per_run",
        "validation_samples": 6196
      },
      "status": "ok",
      "target_accuracy": 0.9265655261459006,
      "target_accuracy_source": "baseline_validation"
    },
    "i29": {
      "annealing": {
        "accuracy_gap": 0.05183415964302868,
        "cost_gap_ms": -3.2029414699203684,
        "holdout_accuracy": 0.25316336166194525,
        "holdout_cost_ms": 15.46742698790904,
        "holdout_feasible": false,
        "holdout_macro_accuracy": 0.2522998383516278,
        "holdout_route_counts": {
          "K0": 3434,
          "K4": 3020,
          "K6": 61,
          "Kdet": 4075
        },
        "holdout_speedup_vs_baseline": 1.6263020392304774,
        "holdout_worst_class_accuracy": 0.16323296354992076,
        "thresholds": {
          "K0": 0.0,
          "K2": 0.9999990463256837,
          "K4": 0.9090003724000892,
          "K6": 0.9999986886978149
        },
        "validation_accuracy": 0.30499752130497393,
        "validation_cost_ms": 18.670368457829408
      },
      "baseline": {
        "accuracy_gap": 0.06536107349618869,