{
  "runs": {
    "both_identifiers": {
      "annealing": {
        "accuracy_gap": -0.0061488160936296055,
        "cost_gap_ms": -26.61027788470085,
        "holdout_accuracy": 0.9754838709677419,
        "holdout_cost_ms": 986.4689528662371,
        "holdout_feasible": true,
        "holdout_macro_accuracy": 0.9746655762001492,
        "holdout_route_counts": {
          "K2": 567,
          "K3": 805,
          "K4": 5,
          "K5": 24,
          "detector": 149
        },
        "holdout_speedup_vs_baseline": 2.241568768130191,
        "holdout_worst_class_accuracy": 0.9482288828337875,
        "thresholds": {
          "K0": 1.0000000000000002,
          "K1": 0.9978301780564445,
          "K2": 0.9726193632398333,
          "K3": 0.7913912534713745,
          "K4": 0.95,
          "K5": 0.5355924878801618,
          "K6": 0.927655645779201
        },
        "validation_accuracy": 0.9693350548741123,
        "validation_cost_ms": 1013.079230750938
      },
      "baseline": {
        "accuracy_gap": -0.0029230096420167495,
        "cost_gap_ms": -180.64837247865853,
        "holdout_accuracy": 0.9722580645161291,
        "holdout_cost_ms": 2211.237995475051,
        "holdout_feasible": true,
        "holdout_macro_accuracy": 0.971212793963703,
        "holdout_route_counts": {
          "K0": 8,
          "K2": 90,
          "K3": 231,
          "K4": 531,
          "K6": 349,
          "detector": 341
        },
        "holdout_speedup_vs_baseline": 1.0,
        "holdout_worst_class_accuracy": 0.9482288828337875,
        "thresholds": {
          "K0": 0.95,
          "K1": 0.95,
          "K2": 0.9,
          "K3": 0.9,
          "K4": 0.95,
          "K5": 0.95,
          "K6": 0.95
        },
        "validation_accuracy": 0.9693350548741123,
        "validation_cost_ms": 2391.8863679537094
      },
      "detector_mode": "paper",
      "report": "checkpoints/threshold_experiments/layouts_h24_paper/both_identifiers.json",
      "split": {
        "holdout_samples": 1550,
        "initial_layout": [
          "K0",
          "K1",
          "K2",
          "K3",
          "detector"
        ],
        "layout_source": "explicit",
        "specialized_layout": {
          "K0:coupe": [
            "K6",
            "detector"
          ],
          "K0:suv": [
            "K4",
            "detector"
          ],
          "K1:coupe": [
            "K5",
            "K6",
            "detector"
          ],
          "K1:suv": [
            "K4",
            "detector"
          ]
        },
        "strategy": "blocked_per_run",
        "validation_samples": 6196
      },
      "status": "ok",
      "target_accuracy": 0.9693350548741123,
      "target_accuracy_source": "baseline_validation"
    },
    "dp_optimal": {
      "annealing": {
        "accuracy_gap": -0.0016351860721797173,
        "cost_gap_ms": -82.97885384158235,
        "holdout_accuracy": 0.9670967741935483,
        "holdout_cost_ms": 697.6040755889691,
        "holdout_feasible": true,
        "holdout_macro_accuracy": 0.9659332358130803,
        "holdout_route_counts": {
          "K2": 6,
          "K3": 1128,
          "K4": 213,
          "K6": 97,
          "detector": 106
        },
        "holdout_speedup_vs_baseline": 1.8187863521071408,
        "holdout_worst_class_accuracy": 0.9264305177111717,
        "thresholds": {
          "K0": 0.9992000460624695,
          "K1": 0.9365274906158447,
          "K2": 0.9396532348224095,
          "K3": 0.7307737725121635,
          "K4": 0.9588181291307721,
          "K6": 0.9994381581033979
        },
        "validation_accuracy": 0.9654615881213686,
        "validation_cost_ms": 780.5829294305514
      },
      "baseline": {
        "accuracy_gap": -0.0035706699431474753,
        "cost_gap_ms": -9.164963346136574,
        "holdout_accuracy": 0.9690322580645161,
        "holdout_cost_ms": 1268.7927718555352,
        "holdout_feasible": true,
        "holdout_macro_accuracy": 0.9680146276604393,
        "holdout_route_counts": {
          "K0": 8,
          "K2": 20,
          "K3": 462,
          "K4": 528,
          "K6": 337,
          "detector": 195
        },
        "holdout_speedup_vs_baseline": 1.0,
        "holdout_worst_class_accuracy": 0.9427792915531336,
        "thresholds": {
          "K0": 0.95,
          "K1": 0.95,
          "K2": 0.9,
          "K3": 0.9,
          "K4": 0.95,
          "K6": 0.95
        },
        "validation_accuracy": 0.9654615881213686,
        "validation_cost_ms": 1277.9577352016718
      },
      "detector_mode": "paper",
      "report": "checkpoints/threshold_experiments/layouts_h24_paper/dp_optimal.json",
      "split": {
        "holdout_samples": 1550,
        "initial_layout": [
          "K0",
          "K3",
          "K2",
          "K1",
          "detector"
        ],
        "layout_source": "validation_dp",
        "specialized_layout": {
          "K0:coupe": [
            "K6",
            "K3",
            "K2",
            "detector"
          ],
          "K0:suv": [
            "K4",
            "K3",
            "K2",
            "detector"
          ],
          "K1:coupe": [
            "K6",
            "detector"
          ],
          "K1:suv": [
            "detector"
          ]
        },
        "strategy": "blocked_per_run",
        "validation_samples": 6196
      },
      "status": "ok",
      "target_accuracy": 0.9654615881213686,
      "target_accuracy_source": "baseline_validation"
    },
    "global_only": {
      "annealing": {
        "accuracy_gap": -0.0050190549574127274,
        "cost_gap_ms": -42.76406432383487,
        "holdout_accuracy": 0.9754838709677419,
        "holdout_cost_ms": 969.3845255717274,
        "holdout_feasible": true,
        "holdout_macro_accuracy": 0.9746655762001492,
        "holdout_route_counts": {
          "K2": 592,
          "K3": 810,
          "detector": 148
        },
        "holdout_speedup_vs_baseline": 1.403725154570589,
        "holdout_worst_class_accuracy": 0.9482288828337875,
        "thresholds": {
          "K2": 0.9726193632398333,
          "K3": 0.7913912534713745
        },
        "validation_accuracy": 0.9704648160103292,
        "validation_cost_ms": 1012.1485898955623
      },
      "baseline": {
        "accuracy_gap": -0.00018055353089407866,
        "cost_gap_ms": -51.00461254036327,
        "holdout_accuracy": 0.9703225806451613,
        "holdout_cost_ms": 1360.7494429965102,
        "holdout_feasible": true,
        "holdout_macro_accuracy": 0.9694305227772061,
        "holdout_route_counts": {
          "K2": 859,
          "K3": 482,
          "detector": 209
        },
        "holdout_speedup_vs_baseline": 1.0,
        "holdout_worst_class_accuracy": 0.9513513513513514,
        "thresholds": {
          "K2": 0.9,
          "K3": 0.9
        },
        "validation_accuracy": 0.9701420271142672,
        "validation_cost_ms": 1411.7540555368735
      },
      "detector_mode": "paper",
      "report": "checkpoints/threshold_experiments/layouts_h24_paper/global_only.json",
      "split": {
        "holdout_samples": 1550,
        "initial_layout": [
          "K2",
          "K3",
          "detector"
        ],
        "layout_source": "explicit",
        "specialized_layout": {},
        "strategy": "blocked_per_run",
        "validation_samples": 6196
      },
      "status": "ok",
      "target_accuracy": 0.9701420271142672,
      "target_accuracy_source": "baseline_validation"
    },
    "hierarchy_classic": {
      "annealing": {
        "accuracy_gap": -0.002752035652554219,
        "cost_gap_ms": -175.4335728019987,
        "holdout_accuracy": 0.9870967741935484,
        "holdout_cost_ms": 4267.946897808784,
        "holdout_feasible": true,
        "holdout_macro_accuracy": 0.9867129375763409,
        "holdout_route_counts": {
          "K0": 8,
          "K4": 579,
          "K6": 302,
          "detector": 661
        },