{
  "accuracy_scope": "live predictions on every loaded sample, including untimed warmup samples; use --timed-samples 0 to load the full selected partition",
  "available_samples": 1550,
  "baseline": {
    "accuracy": 0.944516129032258,
    "accuracy_samples": 1550,
    "avg_ms": 2.869184318773418,
    "correct": 1464,
    "macro_accuracy": 0.9424255879274062,
    "median_ms": 1.8184620021202136,
    "min_ms": 0.5634440021822229,
    "p95_ms": 7.977239600586472,
    "p99_ms": 9.96576323886984,
    "per_class_accuracy": {
      "background": {
        "accuracy": null,
        "correct": 0,
        "total": 0
      },
      "cx30": {
        "accuracy": 0.9790575916230366,
        "correct": 374,
        "total": 382
      },
      "gle350": {
        "accuracy": 0.9860788863109049,
        "correct": 425,
        "total": 431
      },
      "miata": {
        "accuracy": 0.9081081081081082,
        "correct": 336,
        "total": 370
      },
      "mustang": {
        "accuracy": 0.896457765667575,
        "correct": 329,
        "total": 367
      }
    },
    "samples": 1525,
    "std_ms": 2.2656879680371405,
    "thresholds": {
      "K0": 0.95,
      "K3": 0.9,
      "K4": 0.95,
      "K6": 0.95
    },
    "total_ms": 4375.506086129462,
    "wcet_ms": 15.14981699801865,
    "worst_class_accuracy": 0.896457765667575
  },
  "detector_mode": "trained",
  "device": "cpu",
  "fallback": "live trained Kdet model",
  "layout": {
    "initial": [
      "K0",
      "K3",
      "detector"
    ],
    "specialized": {
      "K0:coupe": [
        "K6",
        "K3",
        "detector"
      ],
      "K0:suv": [
        "K4",
        "K3",
        "detector"
      ]
    }
  },
  "loaded_samples": 1550,
  "optimized": {
    "accuracy": 0.947741935483871,
    "accuracy_samples": 1550,
    "avg_ms": 3.825718276787141,
    "correct": 1469,
    "macro_accuracy": 0.9458205360090027,
    "median_ms": 3.181511001457693,
    "min_ms": 1.129218999267323,
    "p95_ms": 7.9010518013092215,
    "p99_ms": 9.874713480385253,
    "per_class_accuracy": {
      "background": {
        "accuracy": null,
        "correct": 0,
        "total": 0
      },
      "cx30": {
        "accuracy": 0.9790575916230366,
        "correct": 374,
        "total": 382
      },
      "gle350": {
        "accuracy": 0.9860788863109049,
        "correct": 425,
        "total": 431
      },
      "miata": {
        "accuracy": 0.9135135135135135,
        "correct": 338,
        "total": 370
      },
      "mustang": {
        "accuracy": 0.9046321525885559,
        "correct": 332,
        "total": 367
      }
    },
    "samples": 1525,
    "std_ms": 1.7973276272918783,
    "thresholds": {
      "K0": 1.0,
      "K3": 0.9,
      "K4": 0.0,
      "K6": 0.0
    },
    "total_ms": 5834.22037210039,
    "wcet_ms": 17.982450997806154,
    "worst_class_accuracy": 0.9046321525885559
  },
  "optimized_vs_baseline": {
    "avg_reduction_percent": -33.33818436672076,
    "avg_speedup": 0.749972713929938,
    "p95_speedup": 1.0096427413961044,
    "wcet_speedup": 0.8424778691106634
  },
  "partition": "holdout",
  "scene": "h24",
  "timing_scope": "live model forwards, softmax, and cascade routing; excludes data loading and host-to-device transfer",
  "torch_version": "2.13.0+cu130",
  "warmup_samples_per_policy": 25
}
