{
  "annealing": {
    "accuracy_gap": -0.011176617588871007,
    "cost_gap_ms": -0.2960518707500146,
    "holdout": {
      "accuracy": 0.9374193548387096,
      "correct": 1453,
      "expected_cost": 9.302122482482433,
      "macro_accuracy": 0.9351448838743293,
      "per_class_accuracy": {
        "background": {
          "accuracy": null,
          "correct": 0,
          "total": 0
        },
        "cx30": {
          "accuracy": 0.9764397905759162,
          "correct": 373,
          "total": 382
        },
        "gle350": {
          "accuracy": 0.9814385150812065,
          "correct": 423,
          "total": 431
        },
        "miata": {
          "accuracy": 0.9162162162162162,
          "correct": 339,
          "total": 370
        },
        "mustang": {
          "accuracy": 0.8664850136239782,
          "correct": 318,
          "total": 367
        }
      },
      "route_counts": {
        "K0": 13,
        "K3": 498,
        "K4": 597,
        "K6": 378,
        "Kdet": 64
      },
      "thresholds": {
        "K0": 0.911189466714859,
        "K3": 0.6357629299163818,
        "K4": 0.8772214502096176,
        "K6": 0.9498215317726135
      },
      "total": 1550,
      "worst_class_accuracy": 0.8664850136239782
    },
    "holdout_feasible": true,
    "optimization": {
      "accuracy": 0.9262427372498386,
      "annealing_accepted_moves": 2535,
      "annealing_elapsed_seconds": 5.5379448770000295,
      "annealing_evaluations": 9211,
      "annealing_iterations": 10000,
      "coordinate_descent_elapsed_seconds": 0.05581183300000703,
      "coordinate_descent_evaluations": 93,
      "coordinate_descent_passes": 1,
      "correct": 5739,
      "elapsed_seconds": 5.5937567100000365,
      "evaluations": 9304,
      "expected_cost": 9.598174353232448,
      "feasible": true,
      "macro_accuracy": 0.923731547050168,
      "method": "simulated_annealing_plus_coordinate_descent",
      "per_class_accuracy": {
        "background": {
          "accuracy": null,
          "correct": 0,
          "total": 0
        },
        "cx30": {
          "accuracy": 0.9626474442988204,
          "correct": 1469,
          "total": 1526
        },
        "gle350": {
          "accuracy": 0.9773650609402206,
          "correct": 1684,
          "total": 1723
        },
        "miata": {
          "accuracy": 0.8924221921515562,
          "correct": 1319,
          "total": 1478
        },
        "mustang": {
          "accuracy": 0.8624914908100749,
          "correct": 1267,
          "total": 1469
        }
      },
      "route_counts": {
        "K0": 42,
        "K3": 2134,
        "K4": 2401,
        "K6": 1362,
        "Kdet": 257
      },
      "target_accuracy": 0.926,
      "thresholds": {
        "K0": 0.911189466714859,
        "K3": 0.6357629299163818,
        "K4": 0.8772214502096176,
        "K6": 0.9498215317726135
      },
      "total": 6196,
      "worst_class_accuracy": 0.8624914908100749
    }
  },
  "baseline": {
    "accuracy_gap": -0.017950602886357414,
    "cost_gap_ms": -0.34923784676372804,
    "holdout": {
      "accuracy": 0.944516129032258,
      "correct": 1464,
      "expected_cost": 12.921894083128896,
      "macro_accuracy": 0.9424255879274062,
      "per_class_accuracy": {
        "background": {
          "accuracy": null,
          "correct": 0,
          "total": 0
        },
        "cx30": {
          "accuracy": 0.9790575916230366,
          "correct": 374,
          "total": 382
        },
        "gle350": {
          "accuracy": 0.9860788863109049,
          "correct": 425,
          "total": 431
        },
        "miata": {
          "accuracy": 0.9081081081081082,
          "correct": 336,
          "total": 370
        },
        "mustang": {
          "accuracy": 0.896457765667575,
          "correct": 329,
          "total": 367
        }
      },
      "route_counts": {
        "K0": 8,
        "K3": 462,
        "K4": 528,
        "K6": 335,
        "Kdet": 217
      },
      "thresholds": {
        "K0": 0.95,
        "K3": 0.9,
        "K4": 0.95,
        "K6": 0.95
      },
      "total": 1550,
      "worst_class_accuracy": 0.896457765667575
    },
    "holdout_feasible": true,
    "optimization": {
      "accuracy": 0.9265655261459006,
      "correct": 5741,
      "expected_cost": 13.271131929892624,
      "macro_accuracy": 0.9240513721703201,
      "per_class_accuracy": {
        "background": {
          "accuracy": null,
          "correct": 0,
          "total": 0
        },
        "cx30": {
          "accuracy": 0.9587155963302753,
          "correct": 1463,
          "total": 1526
        },
        "gle350": {
          "accuracy": 0.9791062100986652,
          "correct": 1687,
          "total": 1723
        },
        "miata": {
          "accuracy": 0.881596752368065,
          "correct": 1303,
          "total": 1478
        },
        "mustang": {
          "accuracy": 0.876786929884275,
          "correct": 1288,
          "total": 1469
        }
      },
      "route_counts": {
        "K0": 31,
        "K3": 1958,
        "K4": 2076,
        "K6": 1243,
        "Kdet": 888
      },
      "thresholds": {
        "K0": 0.95,
        "K3": 0.9,
        "K4": 0.95,
        "K6": 0.95
      },
      "total": 6196,
      "worst_class_accuracy": 0.876786929884275
    }
  },
  "detector": {
    "cost_ms": 28.28079699887894,
    "id": "Kdet"
  },
  "detector_mode": "trained",
  "split": {
    "holdout_fraction": 0.2,
    "holdout_samples": 1550,
    "initial_layout": [
      "K0",
      "K3",
      "detector"
    ],
    "optimization_samples": 6196,
    "per_run": {
      "run1": {
        "holdout": 431,
        "optimization": 1723
      },
      "run3": {
        "holdout": 382,
        "optimization": 1526
      },
      "run5": {
        "holdout": 367,
        "optimization": 1469
      },
      "run7": {
        "holdout": 370,
        "optimization": 1478
      }
    },
    "random_seed": 0,
    "specialized_layout": {
      "K0:coupe": [
        "K6",
        "K3",
        "detector"
      ],
      "K0:suv": [
        "K4",
        "K3",
        "detector"
      ]
    },
    "strategy": "blocked_per_run"
  },
  "target_accuracy": 0.926
}
