{
    "annealing": {
        "accuracy_gap": -0.0027611986921843856,
        "cost_gap_ms": -63.747766866680195,
        "holdout": {
            "accuracy": 0.9729032258064516,
            "correct": 1508,
            "expected_cost": 892.5652904755616,
            "macro_accuracy": 0.9719518270286344,
            "per_class_accuracy": {
                "background": {
                    "accuracy": null,
                    "correct": 0,
                    "total": 0
                },
                "cx30": {
                    "accuracy": 0.9921465968586387,
                    "correct": 379,
                    "total": 382
                },
                "gle350": {
                    "accuracy": 0.9907192575406032,
                    "correct": 427,
                    "total": 431
                },
                "miata": {
                    "accuracy": 0.9621621621621622,
                    "correct": 356,
                    "total": 370
                },
                "mustang": {
                    "accuracy": 0.9427792915531336,
                    "correct": 346,
                    "total": 367
                }
            },
            "route_counts": {
                "K2": 5,
                "K3": 1281,
                "K4": 32,
                "K6": 96,
                "detector": 136
            },
            "thresholds": {
                "K0": 0.9999650716781616,
                "K1": 0.999854564666748,
                "K2": 0.9485106468200684,
                "K3": 0.7857465744018555,
                "K4": 0.9626284241676331,
                "K6": 0.7337954118847847
            },
            "total": 1550,
            "worst_class_accuracy": 0.9427792915531336
        },
        "holdout_feasible": true,
        "optimization": {
            "accuracy": 0.9701420271142672,
            "annealing_accepted_moves": 5269,
            "annealing_elapsed_seconds": 9.512960097999894,
            "annealing_evaluations": 9162,
            "annealing_iterations": 10000,
            "coordinate_descent_elapsed_seconds": 0.46385244599969155,
            "coordinate_descent_evaluations": 517,
            "coordinate_descent_passes": 2,
            "correct": 6011,
            "elapsed_seconds": 9.976812543999586,
            "evaluations": 9679,
            "expected_cost": 956.3130573422418,
            "feasible": true,
            "macro_accuracy": 0.9689445944386619,
            "method": "simulated_annealing_plus_coordinate_descent",
            "passes": 2,
            "per_class_accuracy": {
                "background": {
                    "accuracy": null,
                    "correct": 0,
                    "total": 0
                },
                "cx30": {
                    "accuracy": 0.9947575360419397,
                    "correct": 1518,
                    "total": 1526
                },
                "gle350": {
                    "accuracy": 0.9930354033662218,
                    "correct": 1711,
                    "total": 1723
                },
                "miata": {
                    "accuracy": 0.9499323410013532,
                    "correct": 1404,
                    "total": 1478
                },
                "mustang": {
                    "accuracy": 0.9380530973451328,
                    "correct": 1378,
                    "total": 1469
                }
            },
            "route_counts": {
                "K2": 24,
                "K3": 5155,
                "K4": 145,
                "K6": 289,
                "detector": 583
            },
            "target_accuracy": 0.97,
            "thresholds": {
                "K0": 0.9999650716781616,
                "K1": 0.999854564666748,
                "K2": 0.9485106468200684,
                "K3": 0.7857465744018555,
                "K4": 0.9626284241676331,
                "K6": 0.7337954118847847
            },
            "total": 6196,
            "worst_class_accuracy": 0.9380530973451328
        }
    },
    "baseline": {
        "accuracy_gap": -0.0035706699431474753,
        "cost_gap_ms": -9.164963346136574,
        "holdout": {
            "accuracy": 0.9690322580645161,
            "correct": 1502,
            "expected_cost": 1268.7927718555352,
            "macro_accuracy": 0.9680146276604393,
            "per_class_accuracy": {
                "background": {
                    "accuracy": null,
                    "correct": 0,
                    "total": 0
                },
                "cx30": {
                    "accuracy": 0.9895287958115183,
                    "correct": 378,
                    "total": 382
                },
                "gle350": {
                    "accuracy": 0.988399071925754,
                    "correct": 426,
                    "total": 431
                },
                "miata": {
                    "accuracy": 0.9513513513513514,
                    "correct": 352,
                    "total": 370
                },
                "mustang": {
                    "accuracy": 0.9427792915531336,
                    "correct": 346,
                    "total": 367
                }
            },
            "route_counts": {
                "K0": 8,
                "K2": 20,
                "K3": 462,
                "K4": 528,
                "K6": 337,
                "detector": 195
            },
            "thresholds": {
                "K0": 0.95,
                "K1": 0.95,
                "K2": 0.9,
                "K3": 0.9,
                "K4": 0.95,
                "K6": 0.95
            },
            "total": 1550,
            "worst_class_accuracy": 0.9427792915531336
        },
        "holdout_feasible": false,
        "optimization": {
            "accuracy": 0.9654615881213686,
            "correct": 5982,
            "expected_cost": 1277.9577352016718,
            "macro_accuracy": 0.9642317120940487,
            "per_class_accuracy": {
                "background": {
                    "accuracy": null,
                    "correct": 0,
                    "total": 0
                },
                "cx30": {
                    "accuracy": 0.9868938401048493,
                    "correct": 1506,
                    "total": 1526
                },
                "gle350": {
                    "accuracy": 0.9901334881021474,
                    "correct": 1706,
                    "total": 1723
                },
                "miata": {
                    "accuracy": 0.9364005412719891,
                    "correct": 1384,
                    "total": 1478
                },
                "mustang": {
                    "accuracy": 0.943498978897209,
                    "correct": 1386,
                    "total": 1469
                }
            },
            "route_counts": {
                "K0": 31,
                "K2": 98,
                "K3": 1958,
                "K4": 2076,
                "K6": 1248,
                "detector": 785
            },
            "thresholds": {
                "K0": 0.95,
                "K1": 0.95,
                "K2": 0.9,
                "K3": 0.9,
                "K4": 0.95,
                "K6": 0.95
            },
            "total": 6196,
            "worst_class_accuracy": 0.9364005412719891
        }
    },
    "detector_mode": "paper",
    "split": {
        "holdout_fraction": 0.2,
        "holdout_samples": 1550,
        "initial_layout": [
            "K0",
            "K3",
            "K2",
            "K1",
            "detector"
        ],
        "optimization_samples": 6196,
        "per_run": {
            "run1": {
                "holdout": 431,
                "optimization": 1723
            },
            "run3": {
                "holdout": 382,
                "optimization": 1526
            },
            "run5": {
                "holdout": 367,
                "optimization": 1469
            },