{
  "description": "Per-scene optimized IDK thresholds for M3N-VC. mode=per_scene_structure, detector_mode=trained, target=each scene's baseline validation accuracy.",
  "detector_mode": "trained",
  "mode": "per_scene_structure",
  "notes": "i22 omitted from optimization (no usable single-label outcomes). Unused Ki slots filled with registry default thresholds. Keys are scene_id, not sensor_id.",
  "scene_ids": [
    "h24",
    "h08",
    "s31",
    "a06",
    "i29",
    "i22"
  ],
  "threshold_bank": {
    "a06": {
      "K0": 0.8588543461293591,
      "K1": 0.95,
      "K2": 0.9,
      "K3": 0.9214253656718195,
      "K4": 0.0,
      "K5": 0.95,
      "K6": 0.0
    },
    "h08": {
      "K0": 0.8068992605014723,
      "K1": 0.95,
      "K2": 0.9,
      "K3": 0.5125768926678872,
      "K4": 0.9946682757260848,
      "K5": 0.95,
      "K6": 0.9013307362186666
    },
    "h24": {
      "K0": 0.90748188325337,
      "K1": 0.95,
      "K2": 0.9,
      "K3": 0.6029707193374634,
      "K4": 0.9303704925945827,
      "K5": 0.95,
      "K6": 0.8820360813822065
    },
    "i22": {
      "K0": 0.0,
      "K1": 0.0,
      "K2": 0.0,
      "K3": 0.0,
      "K4": 0.0,
      "K5": 0.0,
      "K6": 0.0
    },
    "i29": {
      "K0": 0.0,
      "K1": 0.95,
      "K2": 0.9999990463256837,
      "K3": 0.9,
      "K4": 0.9090003724000892,
      "K5": 0.95,
      "K6": 0.9999986886978149
    },
    "s31": {
      "K0": 0.9382889051826633,
      "K1": 0.95,
      "K2": 1.0000000000000002,
      "K3": 0.9,
      "K4": 0.8044807996068681,
      "K5": 0.95,
      "K6": 0.9681602169056328
    }
  }
}
