{
  "description": "Per-scene optimized IDK thresholds for M3N-VC. mode=shared_h24_structure, detector_mode=paper, target=each scene's baseline validation accuracy.",
  "detector_mode": "paper",
  "mode": "shared_h24_structure",
  "notes": "i22 omitted from optimization (no usable single-label outcomes). Unused Ki slots filled with registry default thresholds. Keys are scene_id, not sensor_id.",
  "scene_ids": [
    "h24",
    "h08",
    "s31",
    "a06",
    "i29",
    "i22"
  ],
  "threshold_bank": {
    "a06": {
      "K0": 0.9963662746001263,
      "K1": 0.9628890436522815,
      "K2": 0.861106590348847,
      "K3": 0.9,
      "K4": 0.891723455214987,
      "K5": 0.95,
      "K6": 0.8460039374779682
    },
    "h08": {
      "K0": 0.9874880557157555,
      "K1": 0.9874766858256593,
      "K2": 0.9995218369425559,
      "K3": 0.7474969455174038,
      "K4": 0.9991138480147537,
      "K5": 0.95,
      "K6": 1.0
    },
    "h24": {
      "K0": 0.9992000460624695,
      "K1": 0.9365274906158447,
      "K2": 0.9396532348224095,
      "K3": 0.7307737725121635,
      "K4": 0.9588181291307721,
      "K5": 0.95,
      "K6": 0.9994381581033979
    },
    "i22": {
      "K0": 0.0,
      "K1": 0.0,
      "K2": 0.0,
      "K3": 0.0,
      "K4": 0.0,
      "K5": 0.0,
      "K6": 0.0
    },
    "i29": {
      "K0": 0.9741639750344412,
      "K1": 0.9839987134446904,
      "K2": 0.9828026574485155,
      "K3": 0.7902044933669421,
      "K4": 1.0000000000000002,
      "K5": 0.95,
      "K6": 0.0
    },
    "s31": {
      "K0": 0.9999543744690564,
      "K1": 0.9261660235268728,
      "K2": 0.8997702172824315,
      "K3": 0.8265112091083916,
      "K4": 0.0,
      "K5": 0.95,
      "K6": 1.0
    }
  }
}
