{
  "description": "Per-scene optimized IDK thresholds for M3N-VC. mode=per_scene_structure, detector_mode=paper, target=each scene's baseline validation accuracy.",
  "detector_mode": "paper",
  "mode": "per_scene_structure",
  "notes": "i22 omitted from optimization (no usable single-label outcomes). Unused Ki slots filled with registry default thresholds. Keys are scene_id, not sensor_id.",
  "scene_ids": [
    "h24",
    "h08",
    "s31",
    "a06",
    "i29",
    "i22"
  ],
  "threshold_bank": {
    "a06": {
      "K0": 0.998713070032548,
      "K1": 0.998279094696045,
      "K2": 0.7961869385777687,
      "K3": 0.950329269681658,
      "K4": 0.8232631744170675,
      "K5": 0.95,
      "K6": 0.736756799172382
    },
    "h08": {
      "K0": 0.9874880557157555,
      "K1": 0.9996927976608277,
      "K2": 0.9972176916745245,
      "K3": 0.7474969455174038,
      "K4": 1.0000000000000002,
      "K5": 0.95,
      "K6": 0.9899134100699911
    },
    "h24": {
      "K0": 0.9992000460624695,
      "K1": 0.9365274906158447,
      "K2": 0.9396532348224095,
      "K3": 0.7307737725121635,
      "K4": 0.9588181291307721,
      "K5": 0.95,
      "K6": 0.9994381581033979
    },
    "i22": {
      "K0": 0.0,
      "K1": 0.0,
      "K2": 0.0,
      "K3": 0.0,
      "K4": 0.0,
      "K5": 0.0,
      "K6": 0.0
    },
    "i29": {
      "K0": 0.9960715527437171,
      "K1": 0.9517098993671184,
      "K2": 0.9896456866848226,
      "K3": 0.7764108229656609,
      "K4": 0.9364873450629565,
      "K5": 0.95,
      "K6": 0.6674875361578805
    },
    "s31": {
      "K0": 1.0,
      "K1": 0.9877910954611642,
      "K2": 0.9323674245756499,
      "K3": 0.7956160562379018,
      "K4": 0.9977021424137816,
      "K5": 0.0,
      "K6": 0.530511279495395
    }
  }
}
